unique_int_id,parent_unique_int_id,uniq_seg_id,parent_uniq_id,neurite_type,x,y,z,radius,psp_amplitude_ratio,delay,distance_to_soma
1,3,dend[80]_0,dend[79]_0,dend,-4.50562858581543,218.33798217773438,53.070499420166016,0.29499998688697815,20.09130314696226,8.6,315.73951377143135
2,3,dend[81]_0,dend[79]_0,dend,-14.970099449157715,222.40098571777344,56.182701110839844,0.17499999701976776,20.38102612116251,8.700000000000001,316.5472179839722
3,101,dend[79]_0,dend[77]_2,dend,-11.661398887634277,202.2799835205078,47.434600830078125,0.5299999713897705,16.799033562200677,8.1,289.926895204336
4,102,dend[72]_0,dend[71]_2,dend,29.08030128479004,149.85098266601562,14.971299171447754,0.4399999976158142,6.887806410700784,7.7,218.60820528534038
5,111,dend[70]_0,dend[68]_2,dend,72.84290313720703,139.70498657226562,24.674400329589844,0.26499998569488525,9.537630870864998,7.9,240.52219046903565
6,185,dend[82]_0,dend[76]_8,dend,2.4147112369537354,156.4399871826172,43.71860122680664,0.5,13.077259962402762,7.4,234.1202560562296
7,185,dend[77]_0,dend[76]_8,dend,-7.713868618011475,157.19198608398438,39.57120132446289,0.5299999713897705,12.317849250012713,7.2,233.30089692276056
8,156,dend[62]_0,dend[58]_4,dend,-75.5458984375,274.6099853515625,39.98899841308594,0.5,13.97198015573942,9.200000000000001,398.80025925958824
9,148,dend[73]_0,dend[72]_4,dend,74.3021011352539,196.12197875976562,49.1422004699707,0.32499998807907104,14.957237713682495,9.3,304.34214864839663
10,106,dend[71]_0,dend[67]_2,dend,19.485401153564453,115.87198638916016,16.18440055847168,0.38499999046325684,4.4600149311556265,6.4,174.49393081377036
11,101,dend[78]_0,dend[77]_2,dend,-12.592899322509766,188.59397888183594,36.992000579833984,0.35499998927116394,16.87401074435279,8.1,279.4632201123104
12,24,dend[61]_0,dend[59]_0,dend,-74.30000305175781,269.2250061035156,50.320499420166016,0.23499999940395355,16.46252994973025,9.700000000000001,413.05946232715456
13,111,dend[69]_0,dend[68]_2,dend,71.2780990600586,142.4779815673828,18.52359962463379,0.6200000047683716,9.18998910482112,8.0,240.0811577623523
14,41,dend[76]_0,dend[44]_0,dend,-3.780698776245117,24.246885299682617,12.923800468444824,0.5299999713897705,1.6644180546610263,3.2,59.190831499027894
15,28,dend[67]_0,dend[53]_0,dend,4.55877161026001,58.70978546142578,2.44097900390625,0.6449999809265137,1.7788784080754634,3.5,101.78476983001127
16,112,dend[66]_0,dend[64]_2,dend,-39.51729965209961,190.9309844970703,-31.4950008392334,0.7649999856948853,11.49684587667651,8.8,272.46382973780925
17,154,dend[55]_0,dend[54]_4,dend,-23.156497955322266,131.30198669433594,-0.7662339210510254,0.6200000047683716,3.9872059344031023,6.0,188.54400615275097
18,17,dend[56]_0,dend[55]_0,dend,-22.88579750061035,145.13497924804688,-1.5794609785079956,0.6200000047683716,4.739426237320093,6.5,203.66878381163406
19,17,dend[63]_0,dend[55]_0,dend,-24.1315975189209,141.66497802734375,0.9588640928268433,0.5,4.388676419055825,6.4,199.23148451610308
20,106,dend[68]_0,dend[67]_2,dend,24.92540168762207,116.70599365234375,13.165299415588379,0.4699999988079071,4.73659947622278,6.5,178.02692397738213
21,114,dend[50]_0,dend[46]_2,dend,-48.30189895629883,79.40648651123047,-5.191250801086426,0.4099999964237213,3.300524357770435,5.5,136.40727176613234
22,102,dend[75]_0,dend[71]_2,dend,27.389202117919922,154.88697814941406,7.74216890335083,0.5899999737739563,8.153942704221167,8.200000000000001,225.09403264178724
23,154,dend[64]_0,dend[54]_4,dend,-23.417997360229492,137.77899169921875,-1.8142709732055664,0.4099999964237213,5.496010790845705,7.1000000000000005,195.50168854995962
24,156,dend[59]_0,dend[58]_4,dend,-76.6051025390625,275.093994140625,39.50270080566406,0.29499998688697815,13.73390828148534,9.200000000000001,398.2018632908444
25,153,dend[57]_0,dend[56]_4,dend,-52.1327018737793,206.87698364257812,-10.476201057434082,0.4099999964237213,8.5059878674676,8.0,293.3328031846186
26,28,dend[54]_0,dend[53]_0,dend,-5.651768684387207,60.21338653564453,-5.265440940856934,0.675000011920929,1.5853196786131443,2.9000000000000004,98.06018732121355
27,148,dend[74]_0,dend[72]_4,dend,73.72270202636719,184.97499084472656,51.02750015258789,0.5899999737739563,14.505581815309759,9.3,301.4948630049539
28,44,dend[53]_0,dend[45]_0,dend,-4.215428352355957,42.08918380737305,0.6173251271247864,0.7350000143051147,1.1961958339680718,1.1,76.10870225567062
29,153,dend[58]_0,dend[56]_4,dend,-69.07890319824219,210.77297973632812,-1.6055809259414673,0.675000011920929,8.0185097018416,7.7,296.6069615546455
30,34,dend[49]_0,dend[47]_0,dend,-47.125999450683594,83.63728332519531,-10.104101181030273,0.5299999713897705,3.3919780099161367,5.800000000000001,141.27168482622287
31,112,dend[65]_0,dend[64]_2,dend,-39.38840103149414,183.2349853515625,-31.65060043334961,0.6449999809265137,11.69138654522203,8.8,271.35666864808866
32,158,dend[52]_0,dend[50]_4,dend,-117.88400268554688,115.9119873046875,20.867900848388672,0.23499999940395355,8.665858309939384,7.4,228.1654656279763
33,44,dend[46]_0,dend[45]_0,dend,-14.756599426269531,40.564186096191406,6.080399907659739e-05,0.5899999737739563,1.3075656556830522,1.8,74.16568731051449
34,114,dend[47]_0,dend[46]_2,dend,-42.5625,76.57768249511719,-5.712161064147949,0.7350000143051147,2.903582722632538,5.2,128.92684241257209
35,213,dend[36]_0,soma[0]_0,dend,-9.651299476623535,17.30888557434082,-0.9525728821754456,0.35499998927116394,1.1980229112026004,1.2000000000000002,26.411413362550434
36,126,dend[43]_0,dend[37]_2,dend,12.772801399230957,36.13368606567383,-3.048830986022949,0.26499998569488525,4.459418886342036,6.300000000000001,76.74191182793345
37,34,dend[48]_0,dend[47]_0,dend,-41.36090087890625,77.64668273925781,-7.067070960998535,0.20499999821186066,3.422155974962936,5.800000000000001,131.924732974002
38,24,dend[60]_0,dend[59]_0,dend,-72.45330047607422,274.8240051269531,44.43560028076172,0.6200000047683716,14.241081130800614,9.3,406.1616864911133
39,178,dend[42]_0,dend[38]_6,dend,34.879798889160156,165.20498657226562,-4.1245808601379395,0.4699999988079071,15.697364854303482,7.6000000000000005,223.2114150063182
40,125,dend[31]_0,dend[30]_2,dend,49.90530014038086,-119.70201873779297,49.36410140991211,0.20499999821186066,14.503254231189636,7.6000000000000005,163.80157222727715
41,213,dend[44]_0,soma[0]_0,dend,-4.883808612823486,16.919485092163086,-0.037685614079236984,2.2049999237060547,1.0256239844554766,0.1,33.00509633341416
42,158,dend[51]_0,dend[50]_4,dend,-115.68499755859375,122.31598663330078,23.197399139404297,0.4099999964237213,8.676150088617542,7.4,229.16052525257027
43,161,dend[40]_0,dend[39]_4,dend,34.11370086669922,232.28099060058594,-41.66749954223633,0.23499999940395355,33.1489348423762,9.9,311.91476824701147
44,41,dend[45]_0,dend[44]_0,dend,-7.085178375244141,25.97858428955078,-0.09278400987386703,1.6799999475479126,1.068547016335535,0.4,56.49224721763973
45,178,dend[39]_0,dend[38]_6,dend,24.285602569580078,165.8149871826172,-7.533161163330078,0.17499999701976776,15.211228067173533,7.4,221.42991697070272
46,123,dend[34]_0,dend[33]_2,dend,35.352298736572266,-55.75031661987305,16.97570037841797,0.29499998688697815,6.809577529725644,6.6000000000000005,94.17815302219043
47,57,dend[28]_0,dend[27]_0,dend,5.493781566619873,-23.358915328979492,7.702369213104248,0.7649999856948853,1.8603002909298691,3.6,36.97408562388901
48,166,dend[26]_0,dend[20]_4,dend,12.523200988769531,-130.16201782226562,-21.484699249267578,0.4399999976158142,12.364662426608454,7.6000000000000005,166.17613459920568
49,161,dend[41]_0,dend[39]_4,dend,36.622100830078125,234.11598205566406,-45.40800094604492,0.29499998688697815,34.084207498085824,10.0,314.47990272072946
50,163,dend[29]_0,dend[28]_4,dend,32.375,-94.64281463623047,36.09049987792969,0.6449999809265137,8.742471083301911,6.9,125.69032096600318
51,163,dend[30]_0,dend[28]_4,dend,35.75130081176758,-91.7004165649414,37.705501556396484,0.29499998688697815,8.646050554195941,6.9,124.85414989014075
52,62,dend[23]_0,dend[22]_0,dend,17.71040153503418,-156.47100830078125,-11.447100639343262,0.20499999821186066,19.10245857321136,8.200000000000001,194.2774821232939
53,62,dend[24]_0,dend[22]_0,dend,17.897802352905273,-162.31101989746094,-10.865100860595703,0.20499999821186066,20.290766232823657,8.3,200.51245104118098
54,213,dend[37]_0,soma[0]_0,dend,-2.106308698654175,17.851085662841797,-1.1669009923934937,0.5299999713897705,1.1965283820066528,1.3,24.19811894991814
55,57,dend[33]_0,dend[27]_0,dend,7.379681587219238,-17.343215942382812,13.860600471496582,0.35499998927116394,2.3199613384043816,4.5,38.80167656336317
56,126,dend[38]_0,dend[37]_2,dend,7.218691349029541,33.50058364868164,-5.513920783996582,0.35499998927116394,3.102939012924881,5.2,72.9819600065399
57,213,dend[27]_0,soma[0]_0,dend,4.6017913818359375,-15.847114562988281,4.596309185028076,0.6200000047683716,1.1222350990534478,0.8,22.302299129877238
58,166,dend[21]_0,dend[20]_4,dend,14.750301361083984,-128.14102172851562,-8.840710639953613,0.23499999940395355,11.504570445489431,7.4,164.54795368527164
59,125,dend[32]_0,dend[30]_2,dend,54.965999603271484,-128.48101806640625,53.55590057373047,0.26499998569488525,16.03040305257267,7.800000000000001,176.09292379119768
60,58,dend[25]_0,dend[21]_0,dend,30.72850227355957,-154.27601623535156,5.867938995361328,0.23499999940395355,19.045693124402792,8.200000000000001,199.12242176721716
61,197,dend[19]_0,dend[17]_0,dend,-28.636497497558594,-39.184913635253906,14.845198631286621,0.26499998569488525,5.286117790689981,6.7,95.30696707915867
62,58,dend[22]_0,dend[21]_0,dend,19.02300262451172,-148.70001220703125,-8.197550773620605,0.6449999809265137,16.27061380170804,7.9,185.87341578278117
63,123,dend[35]_0,dend[33]_2,dend,39.82529830932617,-59.20381546020508,18.382200241088867,0.26499998569488525,7.2366454148411075,6.6000000000000005,100.9770305648151
64,201,dend[20]_0,dend[12]_0,dend,0.36709722876548767,-44.03461456298828,-10.126800537109375,0.29499998688697815,2.168258417070271,4.2,65.73641929171632
65,4,dend[72]_1,dend[72]_0,dend,35.73899841308594,165.0649871826172,18.705900192260742,0.5600000023841858,7.8668786124903995,7.800000000000001,235.49675400387093
66,6,dend[82]_1,dend[82]_0,dend,12.878801345825195,167.35897827148438,52.62120056152344,0.5299999713897705,14.817234141066832,7.800000000000001,252.34297130113993
67,8,dend[62]_1,dend[62]_0,dend,-68.12830352783203,275.0010070800781,53.87099838256836,0.4399999976158142,15.08228114974817,9.5,413.41062381272394
68,5,dend[70]_1,dend[70]_0,dend,80.89949798583984,148.16098022460938,35.063499450683594,0.35499998927116394,10.721775486773174,8.0,258.8427915916157
69,7,dend[77]_1,dend[77]_0,dend,-11.667498588562012,170.0579833984375,37.64950180053711,0.5600000023841858,13.53592304751565,7.4,249.88489390073278
70,10,dend[71]_1,dend[71]_0,dend,20.955202102661133,126.33199310302734,13.432599067687988,0.4399999976158142,4.86924529849426,6.5,188.76193085869227
71,13,dend[69]_1,dend[69]_0,dend,80.32749938964844,155.22898864746094,16.52519989013672,0.20499999821186066,10.513500672230071,8.3,257.51969347156563
72,14,dend[76]_1,dend[76]_0,dend,-0.47501876950263977,34.061283111572266,24.94179916381836,0.5899999737739563,2.054846996744192,3.8000000000000003,78.69883937370396
73,18,dend[56]_1,dend[56]_0,dend,-33.87810134887695,158.39398193359375,-3.70707106590271,0.6449999809265137,5.146464201850832,6.5,221.9787957686397
74,15,dend[67]_1,dend[67]_0,dend,7.2340216636657715,74.54488372802734,6.282709121704102,0.6449999809265137,2.316290452494347,4.1000000000000005,128.01483421453054
75,16,dend[66]_1,dend[66]_0,dend,-51.85380172729492,208.59698486328125,-41.90370178222656,0.26499998569488525,13.67915445561791,9.0,297.11357133761965
76,25,dend[57]_1,dend[57]_0,dend,-47.1682014465332,203.22499084472656,-22.27750015258789,0.32499998807907104,9.902833508389413,8.4,307.8707343175371
77,26,dend[54]_1,dend[54]_0,dend,-9.56869888305664,75.12468719482422,-6.057180881500244,0.4699999988079071,1.8488815694068774,3.3000000000000003,116.84108668813737
78,30,dend[49]_1,dend[49]_0,dend,-59.8484001159668,97.73588562011719,-19.333099365234375,0.20499999821186066,4.669556105498355,6.5,162.6192638186581
79,20,dend[68]_1,dend[68]_0,dend,40.72100067138672,123.40898132324219,17.659900665283203,0.6200000047683716,5.654501826116654,6.5,199.36091034952756
80,21,dend[50]_1,dend[50]_0,dend,-62.05690002441406,86.63728332519531,-0.02165091224014759,0.4399999976158142,3.732876548314526,5.6000000000000005,154.71023630811925
81,23,dend[64]_1,dend[64]_0,dend,-24.713098526000977,159.1899871826172,-9.991061210632324,0.32499998807907104,6.613697569659277,7.300000000000001,221.3565967051374
82,33,dend[46]_1,dend[46]_0,dend,-23.722097396850586,54.03428649902344,0.3937200903892517,0.6200000047683716,1.6108646575344077,2.7,95.40172818436426
83,29,dend[58]_1,dend[58]_0,dend,-73.46730041503906,221.6849822998047,13.0010986328125,0.675000011920929,8.722845328092705,7.800000000000001,317.6932094276178
84,32,dend[52]_1,dend[52]_0,dend,-129.8070068359375,130.24998474121094,20.888999938964844,0.4099999964237213,9.880230558470497,7.6000000000000005,246.9551724737824
85,35,dend[36]_1,dend[36]_0,dend,-17.79309844970703,24.840084075927734,-5.412711143493652,0.5299999713897705,1.4048201329574614,2.1,46.08750987737437
86,39,dend[42]_1,dend[42]_0,dend,41.94499969482422,183.80198669433594,1.2330790758132935,0.26499998569488525,17.659518357413862,7.7,246.50845735506752
87,45,dend[39]_1,dend[39]_0,dend,15.975300788879395,182.56398010253906,-10.54050064086914,0.23499999940395355,17.329324246659993,7.800000000000001,241.16396324822105
88,42,dend[51]_1,dend[51]_0,dend,-132.08399963378906,130.58798217773438,22.5403995513916,0.38499999046325684,10.104798029861149,7.6000000000000005,249.9403513475644
89,47,dend[28]_1,dend[28]_0,dend,10.469901084899902,-37.911415100097656,8.761129379272461,0.35499998927116394,2.57693927352406,4.5,54.859790562434995
90,50,dend[29]_1,dend[29]_0,dend,35.86109924316406,-107.85101318359375,42.160701751708984,0.20499999821186066,10.112526735768064,7.2,142.1514472033176
91,55,dend[33]_1,dend[33]_0,dend,18.070802688598633,-28.263216018676758,13.12809944152832,0.38499999046325684,3.4774251254122017,5.300000000000001,60.342563380857484
92,51,dend[30]_1,dend[30]_0,dend,43.86640167236328,-99.73331451416016,42.53049850463867,0.7350000143051147,9.689052367341095,7.0,139.6429339757303
93,56,dend[38]_1,dend[38]_0,dend,9.695270538330078,52.680885314941406,-6.06588077545166,0.32499998807907104,3.805118036660698,5.4,94.30210367198661
94,54,dend[37]_1,dend[37]_0,dend,-2.653188705444336,22.429784774780273,-3.115630865097046,0.6200000047683716,1.397248893305607,2.1,39.447626639477505
95,63,dend[35]_1,dend[35]_0,dend,48.334999084472656,-68.52591705322266,19.875099182128906,0.4399999976158142,8.023650592338214,6.800000000000001,117.62330448024737
96,64,dend[20]_1,dend[20]_0,dend,3.4125211238861084,-56.34731674194336,-0.4908779263496399,0.4099999964237213,3.070250801394662,5.0,84.17115560279564
97,65,dend[72]_2,dend[72]_1,dend,52.30910110473633,172.27398681640625,25.26110076904297,0.5299999713897705,8.738141776451096,8.1,252.3853027224015
98,67,dend[62]_2,dend[62]_1,dend,-73.04570007324219,281.9530029296875,59.5015983581543,0.14499999582767487,16.680715895753497,9.700000000000001,428.0209883658597
99,66,dend[82]_2,dend[82]_1,dend,9.83086109161377,180.6519775390625,67.22000122070312,0.17499999701976776,16.129409791536208,8.1,270.5656865460502
100,68,dend[70]_2,dend[70]_1,dend,98.92479705810547,154.63198852539062,44.117698669433594,0.5600000023841858,11.612042298394334,8.1,277.16339271419577
101,69,dend[77]_2,dend[77]_1,dend,-15.116599082946777,184.0549774169922,39.36470031738281,0.7049999833106995,14.366816846231059,7.6000000000000005,266.468890878705
102,70,dend[71]_2,dend[71]_1,dend,25.413902282714844,137.3529815673828,12.548599243164062,0.5600000023841858,5.256268431853694,6.6000000000000005,203.02993090361412
103,71,dend[69]_2,dend[69]_1,dend,90.43550109863281,167.78298950195312,18.776399612426758,0.20499999821186066,11.771552014548188,8.6,274.95822918077897
104,72,dend[76]_2,dend[76]_1,dend,-1.698408842086792,46.31118392944336,33.747398376464844,0.5899999737739563,2.369406702004846,4.2,98.20684724838003
105,73,dend[56]_2,dend[56]_1,dend,-40.246700286865234,173.0439910888672,-3.3244009017944336,0.6200000047683716,5.43757856103643,6.5,240.2888077256453
106,74,dend[67]_2,dend[67]_1,dend,16.12670135498047,99.01248168945312,12.546098709106445,0.824999988079071,2.7471055544943965,4.4,154.2448985990498
107,75,dend[66]_2,dend[66]_1,dend,-61.39830017089844,224.9819793701172,-35.80929946899414,0.675000011920929,15.445049581004023,9.4,321.76331293743004
108,76,dend[57]_2,dend[57]_1,dend,-38.92900085449219,192.3739776611328,-24.454500198364258,0.23499999940395355,11.276595733523962,8.9,322.4086654504555
109,77,dend[54]_2,dend[54]_1,dend,-17.097997665405273,89.45878601074219,-6.452311038970947,0.4399999976158142,2.1023765768866816,3.6,135.62198605506117
110,78,dend[49]_2,dend[49]_1,dend,-70.28620147705078,103.22798156738281,-26.16069984436035,0.6449999809265137,6.221187833088673,7.0,183.96684281109327
111,79,dend[68]_2,dend[68]_1,dend,60.68769836425781,132.91098022460938,19.225200653076172,0.4399999976158142,6.332994200407687,6.5,220.69489672167293
112,81,dend[64]_2,dend[64]_1,dend,-28.19719886779785,179.09197998046875,-18.800399780273438,0.38499999046325684,7.596066432576533,7.6000000000000005,247.2115048603152
113,80,dend[50]_2,dend[50]_1,dend,-73.38639831542969,94.42918395996094,3.402269124984741,0.38499999046325684,4.166787895032587,5.5,173.0132008501061
114,82,dend[46]_2,dend[46]_1,dend,-35.8390998840332,68.11518096923828,-2.377380847930908,0.8849999904632568,1.905451854507394,3.2,116.63776905821403
115,83,dend[58]_2,dend[58]_1,dend,-79.12570190429688,237.83499145507812,27.751399993896484,0.4699999988079071,9.2600897551472,7.9,338.7794573005899
116,84,dend[52]_2,dend[52]_1,dend,-140.1739959716797,142.29498291015625,21.048999786376953,0.29499998688697815,11.028597596815409,7.800000000000001,265.7448793195885
117,85,dend[36]_2,dend[36]_1,dend,-23.846397399902344,34.1907844543457,-7.349841117858887,0.6449999809265137,1.775166339225939,3.1,65.76360639219833
118,86,dend[42]_2,dend[42]_1,dend,49.36000061035156,204.79498291015625,4.1943488121032715,0.6200000047683716,19.13220065727356,8.1,269.8054997038168
119,87,dend[39]_2,dend[39]_1,dend,16.470802307128906,198.03598022460938,-19.087900161743164,0.20499999821186066,19.279942994379514,8.1,260.8980095257394
120,88,dend[51]_2,dend[51]_1,dend,-150.19000244140625,140.0339813232422,25.206199645996094,0.23499999940395355,11.29712927274922,7.7,270.72017744255845
121,89,dend[28]_2,dend[28]_1,dend,17.70440101623535,-50.24941635131836,15.344199180603027,0.35499998927116394,3.1795272591856234,5.0,72.745495500981
122,90,dend[29]_2,dend[29]_1,dend,38.83089828491211,-121.00401306152344,46.8577995300293,0.5600000023841858,11.677504155247142,7.4,158.61257344063205
123,91,dend[33]_2,dend[33]_1,dend,25.620702743530273,-45.16051483154297,13.245199203491211,0.32499998807907104,4.353336202166189,5.6000000000000005,81.8834501983518
124,93,dend[38]_2,dend[38]_1,dend,15.856399536132812,72.59708404541016,-5.89560079574585,0.32499998807907104,4.464146653877693,5.300000000000001,115.62224733743332
125,92,dend[30]_2,dend[30]_1,dend,47.97650146484375,-113.26801300048828,45.886199951171875,0.7649999856948853,10.888293018894394,7.2,154.43171806131986
126,94,dend[37]_2,dend[37]_1,dend,-1.5539188385009766,26.288284301757812,-6.220760822296143,0.7649999856948853,1.609903469794301,2.7,54.69713432903687
127,95,dend[35]_2,dend[35]_1,dend,55.13330078125,-78.38541412353516,24.167299270629883,0.4699999988079071,8.65653196855641,6.9,134.26957839567964
128,96,dend[20]_2,dend[20]_1,dend,6.830421447753906,-68.5232162475586,-3.9094910621643066,0.29499998688697815,3.752917538517104,5.4,102.60589191387496
129,97,dend[72]_3,dend[72]_2,dend,58.07889938354492,181.3599853515625,33.225799560546875,0.4399999976158142,9.530771678278976,8.200000000000001,269.2738514409321
130,99,dend[82]_3,dend[82]_2,dend,12.322900772094727,196.67498779296875,77.32099914550781,0.5299999713897705,18.208728801410196,8.5,288.7884017909605
131,100,dend[70]_3,dend[70]_2,dend,114.1729965209961,159.7889862060547,54.253700256347656,0.7350000143051147,12.401473261677406,8.4,295.4839938367758
132,103,dend[69]_3,dend[69]_2,dend,100.91600036621094,176.72499084472656,15.998699188232422,0.17499999701976776,13.203315114918455,9.0,292.3967648899923
133,104,dend[76]_3,dend[76]_2,dend,-5.269538402557373,62.44278335571289,34.4822998046875,0.32499998807907104,2.8299747830928954,4.4,117.7148551230561
134,105,dend[56]_3,dend[56]_2,dend,-47.26470184326172,188.1379852294922,-6.004530906677246,0.4699999988079071,5.729704813399696,6.6000000000000005,258.59881968265097
135,109,dend[54]_3,dend[54]_2,dend,-15.707798957824707,104.82498168945312,-6.054581165313721,0.7350000143051147,2.3439272707984444,3.8000000000000003,154.402885421985
136,110,dend[49]_3,dend[49]_2,dend,-72.8405990600586,116.19698333740234,-38.28010177612305,0.26499998569488525,7.802778509468029,7.300000000000001,205.3144218035285
137,115,dend[58]_3,dend[58]_2,dend,-85.60269927978516,248.54298400878906,38.707000732421875,0.4699999988079071,9.76821375500161,8.1,359.8657051735621
138,116,dend[52]_3,dend[52]_2,dend,-151.9720001220703,153.7329864501953,21.131900787353516,0.20499999821186066,12.34522187542719,7.9,284.53458616539456
139,113,dend[50]_3,dend[50]_2,dend,-90.07730102539062,98.41608428955078,13.070499420166016,0.38499999046325684,4.589311609915936,5.6000000000000005,191.31616539209296
140,118,dend[42]_3,dend[42]_2,dend,69.1176986694336,211.56298828125,7.12692928314209,0.7049999833106995,20.754638611269133,8.5,293.10254205256615
141,117,dend[36]_3,dend[36]_2,dend,-32.952598571777344,46.365684509277344,-11.594901084899902,0.9700000286102295,2.154399961078084,3.7,85.43970290702227
142,119,dend[39]_3,dend[39]_2,dend,26.057601928710938,209.8359832763672,-30.44729995727539,0.23499999940395355,20.990594680027726,8.5,280.63205580325774
143,120,dend[51]_3,dend[51]_2,dend,-165.77200317382812,147.4299774169922,29.415700912475586,0.29499998688697815,12.596810783740496,7.800000000000001,291.5000035375525
144,121,dend[28]_3,dend[28]_2,dend,25.344202041625977,-63.81431579589844,19.92959976196289,0.35499998927116394,3.8298932008354973,5.2,90.63120043952698
145,124,dend[38]_3,dend[38]_2,dend,21.14630126953125,93.14878845214844,-4.764710903167725,0.23499999940395355,5.120819433649244,5.2,136.94239100288004
146,127,dend[35]_3,dend[35]_2,dend,67.99169921875,-92.0046157836914,26.491300582885742,0.6200000047683716,9.196243149923184,7.0,150.91585231111193
147,128,dend[20]_3,dend[20]_2,dend,8.369800567626953,-81.8524169921875,-9.221301078796387,0.7350000143051147,4.489885291972328,5.5,121.04062822495426
148,129,dend[72]_4,dend[72]_3,dend,63.7140998840332,189.0649871826172,42.47439956665039,0.5,10.26676084811061,8.4,286.16240015946266
149,130,dend[82]_4,dend[82]_3,dend,11.037200927734375,209.72499084472656,80.54299926757812,0.20499999821186066,20.610611976909283,9.0,307.0111170358708
150,131,dend[70]_4,dend[70]_3,dend,129.4040069580078,156.8109893798828,67.8458023071289,0.35499998927116394,13.13358465447062,8.5,313.80459495935594
151,132,dend[69]_4,dend[69]_3,dend,110.3479995727539,178.6639862060547,1.289539098739624,0.5299999713897705,14.3896460579552,9.3,309.8353005992057
152,133,dend[76]_4,dend[76]_3,dend,-7.826298713684082,76.96598815917969,37.91889953613281,0.29499998688697815,3.326841288839084,4.4,137.22286299773216
153,134,dend[56]_4,dend[56]_3,dend,-50.31909942626953,201.62298583984375,-5.961061000823975,0.5,6.042404052348796,6.6000000000000005,276.9088316396566
154,135,dend[54]_4,dend[54]_3,dend,-16.468597412109375,118.65199279785156,-2.920891046524048,0.7049999833106995,2.5716400732313964,4.0,173.18378478890878
155,136,dend[49]_4,dend[49]_3,dend,-81.80970001220703,130.93698120117188,-52.68980026245117,0.6200000047683716,9.110135338031037,7.7,226.6620007959637
156,137,dend[58]_4,dend[58]_3,dend,-89.14910125732422,266.0559997558594,36.311100006103516,0.7049999833106995,10.339469938622408,8.200000000000001,380.95195304653424
157,138,dend[52]_4,dend[52]_3,dend,-172.2779998779297,161.14797973632812,19.857099533081055,0.4399999976158142,13.633806860913735,8.200000000000001,303.32429301120067
158,139,dend[50]_4,dend[50]_3,dend,-103.11499786376953,108.08099365234375,22.657699584960938,0.4099999964237213,4.989001789300598,5.6000000000000005,209.6191299340798
159,140,dend[42]_4,dend[42]_3,dend,87.27760314941406,221.80198669433594,10.574798583984375,0.23499999940395355,22.73525662646715,9.0,316.39958440131545
160,141,dend[36]_4,dend[36]_3,dend,-40.66939926147461,61.84418487548828,-14.658201217651367,0.35499998927116394,2.624101805483657,4.1000000000000005,105.1157994218462
161,142,dend[39]_4,dend[39]_3,dend,32.94300079345703,225.9019775390625,-37.90660095214844,0.6200000047683716,22.864354239797716,8.8,300.3661020807761
162,143,dend[51]_4,dend[51]_3,dend,-180.4250030517578,157.406982421875,31.9060001373291,0.5600000023841858,13.983637542445907,8.1,312.27982963254664
163,144,dend[28]_4,dend[28]_3,dend,29.868202209472656,-80.74261474609375,28.194599151611328,0.38499999046325684,4.439858093238096,5.4,108.51690537807298
164,145,dend[38]_4,dend[38]_3,dend,23.466402053833008,113.31298828125,-5.504150867462158,0.4399999976158142,5.770525975103923,5.0,158.26253466832677
165,146,dend[35]_4,dend[35]_3,dend,78.71720123291016,-104.4900131225586,28.64150047302246,0.26499998569488525,9.807071575034204,7.2,167.5621262265442
166,147,dend[20]_4,dend[20]_3,dend,11.066500663757324,-102.76901245117188,-8.493830680847168,0.26499998569488525,5.184869690236396,5.7,139.47536453603357
167,150,dend[70]_5,dend[70]_4,dend,139.50599670410156,152.7939910888672,79.9634017944336,0.35499998927116394,13.867309097863822,8.700000000000001,332.125196081936
168,152,dend[76]_5,dend[76]_4,dend,-3.3197689056396484,93.05628204345703,39.7755012512207,0.23499999940395355,3.8129511494323816,4.5,156.73087087240822
169,157,dend[52]_5,dend[52]_4,dend,-186.73300170898438,170.7839813232422,20.50029945373535,0.29499998688697815,15.054032905634251,8.4,322.1139998570067
170,160,dend[36]_5,dend[36]_4,dend,-50.50299835205078,74.11038208007812,-17.989099502563477,0.4399999976158142,3.159318898761953,4.3,124.79189593667016
171,162,dend[51]_5,dend[51]_4,dend,-195.1790008544922,171.19097900390625,38.65959930419922,0.4399999976158142,15.37959544483371,8.3,333.0596557275407
172,164,dend[38]_5,dend[38]_4,dend,25.628101348876953,131.09799194335938,-5.13222074508667,0.20499999821186066,6.404082370682524,4.9,179.58267833377346
173,167,dend[70]_6,dend[70]_5,dend,137.5489959716797,141.62698364257812,89.95680236816406,0.29499998688697815,14.640665973545875,8.9,350.44579720451605
174,168,dend[76]_6,dend[76]_5,dend,-1.324408769607544,107.90397644042969,40.2067985534668,0.38499999046325684,4.293860482453669,4.3,176.2388787470843
175,169,dend[52]_6,dend[52]_5,dend,-202.24000549316406,178.34597778320312,23.128700256347656,0.20499999821186066,16.556334500807445,8.700000000000001,340.9037067028128
176,170,dend[36]_6,dend[36]_5,dend,-60.25239944458008,86.29098510742188,-23.472299575805664,0.9399999976158142,3.7044102371205367,4.6000000000000005,144.4679924514941
177,171,dend[51]_6,dend[51]_5,dend,-202.9949951171875,178.54098510742188,46.99829864501953,0.26499998569488525,16.772346859030264,8.6,353.83948182253476
178,172,dend[38]_6,dend[38]_5,dend,27.488601684570312,148.1309814453125,-5.882560729980469,0.38499999046325684,6.983438030197513,4.9,200.90282199922018
179,173,dend[70]_7,dend[70]_6,dend,137.8249969482422,130.114990234375,99.95449829101562,0.26499998569488525,15.454908002473989,9.1,368.7663983270961
180,174,dend[76]_7,dend[76]_6,dend,-2.3987488746643066,125.79498291015625,43.22819900512695,0.6200000047683716,4.813856004160654,4.4,195.74688662176038
181,175,dend[52]_7,dend[52]_6,dend,-215.47500610351562,186.50099182128906,30.56279945373535,0.23499999940395355,18.008512625208688,9.0,359.6934135486189
182,176,dend[36]_7,dend[36]_6,dend,-69.1707992553711,100.18097686767578,-26.6476993560791,1.1200000047683716,4.243004274203457,4.800000000000001,164.14408896631804
183,177,dend[51]_7,dend[51]_6,dend,-217.55299377441406,187.09799194335938,53.96110153198242,0.23499999940395355,18.139786487526415,8.9,374.61930791752883
184,179,dend[70]_8,dend[70]_7,dend,139.45599365234375,121.8759765625,111.89099884033203,0.23499999940395355,16.3380988365687,9.3,387.08699944967617
185,180,dend[76]_8,dend[76]_7,dend,-4.95374870300293,144.60897827148438,41.054100036621094,0.4099999964237213,5.294627983215139,4.6000000000000005,215.2548944964364
186,181,dend[52]_8,dend[52]_7,dend,-228.27999877929688,195.40599060058594,26.654300689697266,0.5899999737739563,19.553723560217975,9.3,378.483120394425
187,182,dend[36]_8,dend[36]_7,dend,-79.02619934082031,113.57998657226562,-30.388700485229492,0.35499998927116394,4.787126776189896,5.0,183.82018548114198
188,183,dend[51]_8,dend[51]_7,dend,-235.2989959716797,198.50299072265625,53.90299987792969,0.23499999940395355,19.520191397175196,9.3,395.3991340125229
189,184,dend[70]_9,dend[70]_8,dend,140.76600646972656,123.10999298095703,125.90599822998047,0.29499998688697815,17.28459726587269,9.600000000000001,405.40760057225623
190,187,dend[36]_9,dend[36]_8,dend,-86.15489959716797,131.74098205566406,-36.443199157714844,0.35499998927116394,5.362461499184287,5.1000000000000005,203.49628199596592
191,189,dend[70]_10,dend[70]_9,dend,145.6580047607422,130.07798767089844,139.46800231933594,0.26499998569488525,18.31446125875524,9.8,423.72820169483623
192,190,dend[36]_10,dend[36]_9,dend,-99.88999938964844,142.6309814453125,-38.39550018310547,0.8550000190734863,5.974706227372354,5.300000000000001,223.17237851078988
193,192,dend[36]_11,dend[36]_10,dend,-110.34600067138672,156.4879913330078,-40.385799407958984,0.675000011920929,6.60754791807142,5.5,242.8484750256138
194,193,dend[36]_12,dend[36]_11,dend,-120.91799926757812,166.32798767089844,-43.977699279785156,0.29499998688697815,7.252775726664334,5.800000000000001,262.52457154043776
195,197,dend[18]_0,dend[17]_0,dend,-28.932798385620117,-38.9248161315918,11.35999870300293,0.17499999701976776,5.182026922411363,6.6000000000000005,94.5112042893697
196,227,dend[16]_0,dend[14]_2,dend,-26.196598052978516,-87.97891235351562,26.66080093383789,0.6449999809265137,8.210014226044017,7.0,136.7275432877926
197,200,dend[17]_0,dend[13]_0,dend,-15.600699424743652,-38.53631591796875,3.197559118270874,0.5299999713897705,3.6247351872337585,5.9,77.08155888582313
198,200,dend[14]_0,dend[13]_0,dend,-10.95689868927002,-43.8104133605957,-0.7514628767967224,0.29499998688697815,3.206725993729024,5.4,72.81787462492336
199,227,dend[15]_0,dend[14]_2,dend,-33.83420181274414,-84.39161682128906,26.068300247192383,0.29499998688697815,8.124910604467768,7.0,139.4313071467248
200,201,dend[13]_0,dend[12]_0,dend,-5.141968727111816,-39.26581573486328,-8.043181419372559,0.35499998927116394,1.913552491275698,3.7,59.322787983978344
201,204,dend[12]_0,dend[9]_0,dend,-4.3866987228393555,-29.85431480407715,-7.935250759124756,0.824999988079071,1.2494307865450902,1.4000000000000001,46.38181976534901
202,204,dend[11]_0,dend[9]_0,dend,-11.690999031066895,-17.806915283203125,-3.4129109382629395,0.38499999046325684,2.2894252924984886,4.4,46.9223231585123
203,204,dend[10]_0,dend[9]_0,dend,-5.3178887367248535,-17.380516052246094,6.773738861083984,0.35499998927116394,2.704381137934532,4.9,45.82303476854925
204,213,dend[9]_0,soma[0]_0,dend,-0.9780767560005188,-17.378416061401367,-0.3660429120063782,0.9700000286102295,1.045392880272079,0.30000000000000004,26.408976749829904
205,248,dend[8]_0,dend[6]_4,dend,90.622802734375,-86.80841827392578,49.7234001159668,0.5299999713897705,11.477851824314373,7.300000000000001,164.37613562951816
206,248,dend[7]_0,dend[6]_4,dend,92.30259704589844,-93.18941497802734,51.81439971923828,0.14499999582767487,13.155790774162993,7.7,168.83867046967598
207,209,dend[6]_0,dend[4]_0,dend,32.08330154418945,-27.647714614868164,16.210100173950195,0.35499998927116394,3.431877715224761,5.5,64.34239746606816
208,209,dend[5]_0,dend[4]_0,dend,34.29439926147461,-33.06611633300781,5.8398590087890625,0.26499998569488525,3.318022625967525,5.6000000000000005,64.97740176227461
209,214,dend[4]_0,dend[0]_0,dend,16.24970245361328,-22.38881492614746,6.796029090881348,0.29499998688697815,2.0505120196386173,3.9000000000000004,44.648941324748705
210,212,dend[3]_0,dend[1]_0,dend,32.34519958496094,-40.14081573486328,-8.949820518493652,0.26499998569488525,3.8856380930538617,5.9,70.66190327367492
211,212,dend[2]_0,dend[1]_0,dend,37.585899353027344,-33.67391586303711,-7.712400913238525,0.29499998688697815,3.651319510288608,5.7,69.81914813078485
212,214,dend[1]_0,dend[0]_0,dend,19.764301300048828,-25.112316131591797,-2.928820848464966,0.5299999713897705,1.9589599690332142,3.8000000000000003,47.85801342566104
213,-1,soma[0]_0,root,soma,-0.9592254757881165,2.542203426361084,-0.13473249971866608,6.886794090270996,1.0,0.0,0.0
214,213,dend[0]_0,soma[0]_0,dend,14.844000816345215,-14.041813850402832,0.16740208864212036,0.7649999856948853,1.0775399018005456,0.5,25.83730591005901
215,196,dend[16]_1,dend[16]_0,dend,-23.092397689819336,-102.718017578125,37.8650016784668,0.29499998688697815,9.788869359443929,7.300000000000001,157.63338268209787
216,198,dend[14]_1,dend[14]_0,dend,-19.008798599243164,-54.03671646118164,6.3732590675354,0.38499999046325684,4.104913411785551,5.7,94.20057421121001
217,199,dend[15]_1,dend[15]_0,dend,-43.43539810180664,-105.02601623535156,31.38680076599121,0.23499999940395355,9.972234520953375,7.300000000000001,165.74467425889455
218,202,dend[11]_1,dend[11]_0,dend,-30.560897827148438,-18.40621566772461,-3.705000877380371,0.5600000023841858,3.3083307771578645,5.2,68.2777926864942
219,203,dend[10]_1,dend[10]_0,dend,-11.253198623657227,-28.75481605529785,16.220300674438477,0.29499998688697815,3.7698885602981913,5.5,64.97992751660506
220,205,dend[8]_1,dend[8]_0,dend,103.63600158691406,-92.6378173828125,55.445098876953125,0.38499999046325684,12.95231220229384,7.5,181.81990438851278
221,206,dend[7]_1,dend[7]_0,dend,108.06999969482422,-105.00200653076172,61.382999420166016,0.29499998688697815,15.792656781664913,8.0,195.20750890898626
222,207,dend[6]_1,dend[6]_0,dend,43.79499816894531,-37.21431350708008,23.837799072265625,0.4699999988079071,4.22999063109209,5.6000000000000005,84.63392052916876
223,208,dend[5]_1,dend[5]_0,dend,51.51919937133789,-43.82361602783203,5.636259078979492,0.23499999940395355,4.681490181567193,6.1000000000000005,86.53893341778809
224,210,dend[3]_1,dend[3]_0,dend,41.27190017700195,-53.68901443481445,-9.94192123413086,0.23499999940395355,5.1643983915156,6.300000000000001,90.75614954833972
225,211,dend[2]_1,dend[2]_0,dend,53.0806999206543,-34.700416564941406,-7.605670928955078,0.29499998688697815,4.548111802480651,6.0,88.22788411966951
226,215,dend[16]_2,dend[16]_1,dend,-21.903697967529297,-118.98800659179688,46.918701171875,0.7649999856948853,11.474460824367245,7.6000000000000005,178.53922207640312
227,216,dend[14]_2,dend[14]_1,dend,-26.552898406982422,-67.50621795654297,15.800599098205566,0.26499998569488525,4.871735917366545,5.800000000000001,115.58327379749666
228,219,dend[10]_2,dend[10]_1,dend,-18.878997802734375,-38.77501678466797,22.535999298095703,0.7649999856948853,4.89063632114557,5.7,84.13682026466088
229,218,dend[11]_2,dend[11]_1,dend,-46.360801696777344,-26.76661491394043,-7.338840961456299,0.29499998688697815,4.310239382051317,5.5,89.6332622144761
230,217,dend[15]_2,dend[15]_1,dend,-56.65660095214844,-125.80301666259766,38.82870101928711,0.23499999940395355,11.766667273975235,7.6000000000000005,192.05804137106423
231,220,dend[8]_2,dend[8]_1,dend,116.61900329589844,-95.14971160888672,63.640899658203125,0.5,14.424799949648861,7.7,199.26367314750743
232,221,dend[7]_2,dend[7]_1,dend,126.33499908447266,-119.48800659179688,71.75700378417969,0.14499999582767487,18.678970394951268,8.5,221.57634734829654
233,222,dend[6]_2,dend[6]_1,dend,57.747100830078125,-51.081214904785156,28.887300491333008,0.4399999976158142,4.874933271900902,5.7,104.92544359226935
234,223,dend[5]_2,dend[5]_1,dend,62.90739822387695,-57.01121520996094,6.766509056091309,0.5600000023841858,5.904056663643495,6.300000000000001,108.10046507330156
235,224,dend[3]_2,dend[3]_1,dend,49.54800033569336,-70.42401885986328,-10.813000679016113,0.26499998569488525,6.154989727118609,6.5,110.8503958230045
236,225,dend[2]_2,dend[2]_1,dend,68.79570007324219,-35.51411437988281,-3.816330909729004,0.7649999856948853,5.347204447402354,6.2,106.63662010855415
237,228,dend[10]_3,dend[10]_2,dend,-23.89459800720215,-52.82391357421875,29.775699615478516,0.23499999940395355,5.9123468742388425,5.9,103.2937130127167
238,229,dend[11]_3,dend[11]_2,dend,-63.4718017578125,-40.21481704711914,-6.796270847320557,0.26499998569488525,5.301093435905304,5.6000000000000005,110.988731742458
239,231,dend[8]_3,dend[8]_2,dend,130.447998046875,-103.07200622558594,72.6709976196289,0.20499999821186066,15.882879216490284,7.9,216.70744190650208
240,234,dend[5]_3,dend[5]_2,dend,77.98570251464844,-71.45831298828125,6.317079067230225,0.14499999582767487,7.34142207425536,6.5,129.66199672881504
241,233,dend[6]_3,dend[6]_2,dend,68.11820220947266,-67.53761291503906,36.8651008605957,0.26499998569488525,5.519527581802313,5.7,125.21696665536993
242,235,dend[3]_3,dend[3]_2,dend,60.01620101928711,-89.83281707763672,-13.162601470947266,0.35499998927116394,7.255542793287519,6.7,130.9446420976693
243,236,dend[2]_3,dend[2]_2,dend,86.52999877929688,-39.4166145324707,-4.187591075897217,0.23499999940395355,6.129744010251442,6.4,125.04535609743877
244,237,dend[10]_4,dend[10]_3,dend,-23.884998321533203,-69.96131896972656,38.266998291015625,0.6200000047683716,6.881479607338907,6.0,122.4506057607725
245,238,dend[11]_4,dend[11]_3,dend,-79.52649688720703,-54.4885139465332,-2.9536609649658203,0.20499999821186066,6.233381368151191,5.800000000000001,132.3442012704399
246,240,dend[5]_4,dend[5]_3,dend,90.36849975585938,-88.49871826171875,14.066598892211914,0.5600000023841858,8.73679693301518,6.800000000000001,151.22352838432852
247,239,dend[8]_4,dend[8]_3,dend,144.53799438476562,-107.76101684570312,79.09230041503906,0.5899999737739563,17.495561386415257,8.3,234.1512106654967
248,241,dend[6]_4,dend[6]_3,dend,79.72019958496094,-81.47691345214844,43.425498962402344,0.35499998927116394,6.176604589067185,5.7,145.50848971847054
249,242,dend[3]_4,dend[3]_3,dend,69.37809753417969,-106.29002380371094,-14.170999526977539,0.6449999809265137,8.928136798923212,7.0,151.03888837233407
250,243,dend[2]_4,dend[2]_3,dend,102.58000183105469,-43.11501693725586,-3.11552095413208,0.32499998807907104,7.0004282619268645,6.7,143.4540920863234
251,244,dend[10]_5,dend[10]_4,dend,-24.852197647094727,-89.31311798095703,46.09400177001953,0.5,7.939339606575247,6.1000000000000005,141.60749850882831
252,245,dend[11]_5,dend[11]_4,dend,-92.97850036621094,-66.31341552734375,-2.448111057281494,0.29499998688697815,7.205388026593173,6.0,153.6996707984218
253,246,dend[5]_5,dend[5]_4,dend,106.50800323486328,-100.88401794433594,23.347999572753906,0.5899999737739563,10.035886229907502,7.0,172.785060039842
254,247,dend[8]_5,dend[8]_4,dend,157.73800659179688,-109.50601196289062,88.3323974609375,0.17499999701976776,19.185458021465525,8.5,251.59497942449133
255,250,dend[2]_5,dend[2]_4,dend,122.18699645996094,-50.943416595458984,-5.196520805358887,0.29499998688697815,7.906363133518411,6.800000000000001,161.86282807520806
256,251,dend[10]_6,dend[10]_5,dend,-27.333398818969727,-106.07401275634766,53.32529830932617,0.23499999940395355,9.04876955385104,6.300000000000001,160.76439125688412
257,252,dend[11]_6,dend[11]_5,dend,-109.96399688720703,-78.6461181640625,-1.5941109657287598,0.23499999940395355,8.251137489877081,6.1000000000000005,175.0551403264037
258,254,dend[8]_6,dend[8]_5,dend,168.906005859375,-97.84981536865234,90.28389739990234,0.14499999582767487,21.142314786708866,8.9,269.038748183486
259,253,dend[5]_6,dend[5]_5,dend,120.86000061035156,-114.31301879882812,32.51599884033203,0.5600000023841858,11.389042866786644,7.300000000000001,194.34659169535547
260,255,dend[2]_6,dend[2]_5,dend,139.85699462890625,-58.51141357421875,-2.2830710411071777,0.23499999940395355,8.84411056849114,7.1000000000000005,180.2715640640927
261,256,dend[10]_7,dend[10]_6,dend,-40.25090026855469,-114.51101684570312,62.31340026855469,0.20499999821186066,10.248693004146151,6.5,179.92128400493996
262,257,dend[11]_7,dend[11]_6,dend,-126.75399780273438,-86.71951293945312,1.3655790090560913,0.20499999821186066,9.386253556490601,6.4,196.4106098543856
263,261,dend[10]_8,dend[10]_7,dend,-45.569698333740234,-131.5860137939453,66.2426986694336,0.11999999731779099,11.496633102900558,6.6000000000000005,199.07817675299574
264,262,dend[11]_8,dend[11]_7,dend,-141.88999938964844,-95.9275131225586,6.574988842010498,0.32499998807907104,10.658577949451308,6.7,217.76607938236748
