unique_int_id,parent_unique_int_id,uniq_seg_id,parent_uniq_id,neurite_type,x,y,z,radius,voltage_attenuation,peak_delays,distance_to_soma
1,-1,soma[0]_0,root,soma,-1.2776460647583008,-0.5567982792854309,0.08606157451868057,9.46135139465332,1.0,0.0,0.0
2,1,dend[0]_0,soma[0]_0,dend,-7.738723278045654,-18.081087112426758,2.4672892093658447,1.0,0.9519798695807559,0.0,32.498640788886135
3,2,dend[1]_0,dend[0]_0,dend,-8.971953392028809,-31.976886749267578,1.0601593255996704,0.17499999701976776,0.8137543725986304,0.07500000000000001,62.422631647884764
4,3,dend[1]_1,dend[1]_0,dend,-1.672633409500122,-47.145484924316406,-0.47153571248054504,0.20499999821186066,0.1433209582702473,0.6000000000000001,83.89395494594689
5,4,dend[1]_2,dend[1]_1,dend,-1.500753402709961,-68.4557876586914,-0.3175737261772156,0.14499999582767487,0.10033324501563136,1.0250000000000001,105.36527824400903
6,5,dend[1]_3,dend[1]_2,dend,-3.4561734199523926,-89.48438262939453,-0.9466327428817749,0.17499999701976776,0.07252646457926377,1.4000000000000001,126.83660154207115
7,6,dend[1]_4,dend[1]_3,dend,-5.557523250579834,-112.82498168945312,-2.716090679168701,0.14499999582767487,0.048367372854441086,2.0,148.3079248401333
8,7,dend[1]_5,dend[1]_4,dend,-7.691763401031494,-132.27398681640625,-3.3135106563568115,0.11999999731779099,0.03627409761401903,2.6750000000000003,169.77924813819544
9,8,dend[1]_6,dend[1]_5,dend,-9.109543800354004,-151.91798400878906,-5.409430980682373,0.824999988079071,0.02914641171074485,3.25,191.2505714362576
10,9,dend[1]_7,dend[1]_6,dend,-5.596103191375732,-171.72398376464844,-6.526101112365723,0.17499999701976776,0.023455629002827744,3.6750000000000003,212.7218947343197
11,10,dend[1]_8,dend[1]_7,dend,-2.2331032752990723,-193.15599060058594,-12.089900970458984,0.11999999731779099,0.013378787991388278,4.8500000000000005,234.19321803238185
12,11,dend[1]_9,dend[1]_8,dend,1.792676568031311,-212.67398071289062,-15.249300956726074,0.5600000023841858,0.00923933233861259,6.3500000000000005,255.664541330444
13,12,dend[1]_10,dend[1]_9,dend,5.892936706542969,-234.5819854736328,-20.78179931640625,0.32499998807907104,0.008021495275704563,7.300000000000001,277.1358646285061
14,13,dend[2]_0,dend[1]_10,dend,9.084126472473145,-247.177978515625,-28.899200439453125,0.23499999940395355,0.0078008519247096545,7.5,291.180009261461
15,14,dend[3]_0,dend[2]_0,dend,12.428396224975586,-260.614990234375,-34.242000579833984,0.09000000357627869,0.005455388323373947,9.600000000000001,306.3027691442332
16,15,dend[3]_1,dend[3]_0,dend,23.63489532470703,-277.875,-42.48749923706055,0.11999999731779099,0.004659942054418152,11.100000000000001,329.93132294193
17,16,dend[3]_2,dend[3]_1,dend,39.709896087646484,-295.875,-50.245399475097656,0.14499999582767487,0.004298598080279466,12.075000000000001,353.55987673962676
18,14,dend[4]_0,dend[2]_0,dend,13.67159652709961,-255.61997985839844,-36.83250045776367,0.6200000047683716,0.007645142953134011,7.7,302.47603352812774
19,18,dend[4]_1,dend[4]_0,dend,24.96949577331543,-264.6470031738281,-40.42890167236328,0.09000000357627869,0.007426945582191375,8.075000000000001,318.45111609361356
20,19,dend[4]_2,dend[4]_1,dend,28.30599594116211,-274.2909851074219,-48.717498779296875,0.11999999731779099,0.00732381305347889,8.275,334.42619865909944
21,13,dend[5]_0,dend[1]_10,dend,5.174616813659668,-244.5769805908203,-28.121299743652344,0.029999999329447746,0.007807565164653841,7.550000000000001,289.7960259343389
22,2,dend[6]_0,dend[0]_0,dend,-14.483304023742676,-24.476886749267578,3.61173939704895,0.7950000166893005,0.8635163827606331,0.025,55.32715156980058
23,22,dend[7]_0,dend[6]_0,dend,-22.523303985595703,-30.067886352539062,2.4710893630981445,0.32499998807907104,0.7933415628036827,0.07500000000000001,65.3454500647345
24,23,dend[8]_0,dend[7]_0,dend,-26.948503494262695,-40.94508361816406,-0.9801297187805176,0.35499998927116394,0.6452366388558668,0.2,81.30756604844825
25,24,dend[8]_1,dend[8]_0,dend,-33.83360290527344,-58.920284271240234,0.28601527214050293,0.5600000023841858,0.44018716818168385,0.47500000000000003,100.47556416790172
26,25,dend[8]_2,dend[8]_1,dend,-40.79380416870117,-74.10078430175781,1.3201992511749268,0.6449999809265137,0.2988121285243978,0.7000000000000001,119.64356228735522
27,26,dend[8]_3,dend[8]_2,dend,-48.45730209350586,-90.46768188476562,1.712259292602539,0.5,0.208616658272694,0.9500000000000001,138.8115604068087
28,27,dend[8]_4,dend[8]_3,dend,-55.75930404663086,-110.58598327636719,1.7835092544555664,0.7049999833106995,0.14606284966317779,1.3,157.97955852626217
29,28,dend[8]_5,dend[8]_4,dend,-62.26590347290039,-130.11997985839844,-0.5745657086372375,0.17499999701976776,0.11306063077548957,1.5750000000000002,177.14755664571564
30,29,dend[8]_6,dend[8]_5,dend,-69.78690338134766,-146.8099822998047,-2.2946906089782715,0.14499999582767487,0.06744408763374463,2.1750000000000003,196.31555476516914
31,30,dend[8]_7,dend[8]_6,dend,-78.2406997680664,-162.781982421875,-5.855391025543213,0.5299999713897705,0.05169523041600829,2.7,215.4835528846226
32,31,dend[8]_8,dend[8]_7,dend,-86.93219757080078,-179.7279815673828,-8.920400619506836,0.17499999701976776,0.042850582658013066,3.0250000000000004,234.65155100407608
33,32,dend[9]_0,dend[8]_8,dend,-98.15170288085938,-196.36798095703125,-11.862300872802734,0.4399999976158142,0.01873540370814293,4.4750000000000005,255.80943905025006
34,33,dend[9]_1,dend[9]_0,dend,-107.1240005493164,-216.39898681640625,-20.215599060058594,0.09000000357627869,0.01508492436525563,5.050000000000001,278.9572170231445
35,34,dend[9]_2,dend[9]_1,dend,-119.91400146484375,-232.05198669433594,-26.88330078125,0.23499999940395355,0.009351411835451656,7.075,302.10499499603895
36,35,dend[9]_3,dend[9]_2,dend,-136.3679962158203,-250.0339813232422,-32.02939987182617,0.17499999701976776,0.008392472057514732,8.075000000000001,325.25277296893336
37,36,dend[9]_4,dend[9]_3,dend,-156.8459930419922,-258.6260070800781,-36.50019836425781,0.11999999731779099,0.00801765363953231,8.575000000000001,348.4005509418278
38,37,dend[10]_0,dend[9]_4,dend,-173.23699951171875,-261.2770080566406,-31.769800186157227,0.14499999582767487,0.007329284517881254,9.65,369.91269476459786
39,37,dend[11]_0,dend[9]_4,dend,-167.23699951171875,-258.1159973144531,-34.23509979248047,0.05999999865889549,0.0075040814716886214,9.325000000000001,363.1739224291141
40,32,dend[12]_0,dend[8]_8,dend,-90.9896011352539,-195.9299774169922,-14.865800857543945,0.09000000357627869,0.03110213266054321,3.45,251.38199119180808
41,40,dend[12]_1,dend[12]_0,dend,-94.11090087890625,-208.12098693847656,-19.05940055847168,0.11999999731779099,0.01882060456347649,4.375,265.67487344781864
42,41,dend[12]_2,dend[12]_1,dend,-99.96399688720703,-219.45098876953125,-21.255199432373047,0.09000000357627869,0.014892805087942242,5.4,279.96775570382914
43,42,dend[13]_0,dend[12]_2,dend,-95.69830322265625,-233.63497924804688,-29.56879997253418,0.4099999964237213,0.012887893728372504,6.625,300.20317811677717
44,43,dend[13]_1,dend[13]_0,dend,-86.40119934082031,-249.15098571777344,-44.88479995727539,0.4099999964237213,0.01244339623507328,7.0,326.3811406866627
45,44,dend[13]_2,dend[13]_1,dend,-67.15070343017578,-249.2889862060547,-52.34120178222656,0.4699999988079071,0.011648622561792632,7.775,352.55910325654827
46,42,dend[14]_0,dend[12]_2,dend,-108.08899688720703,-231.57798767089844,-34.66389846801758,0.17499999701976776,0.011983949768318335,7.375,303.29363004418445
47,23,dend[15]_0,dend[7]_0,dend,-36.560604095458984,-39.699684143066406,5.55613899230957,0.32499998807907104,0.6293710835087764,0.225,83.72261564102072
48,47,dend[16]_0,dend[15]_0,dend,-54.07260513305664,-52.79408645629883,7.59359884262085,0.5899999737739563,0.31963632770124256,0.525,106.0924008110274
49,48,dend[16]_1,dend[16]_0,dend,-68.78340148925781,-64.0097885131836,7.278519153594971,0.11999999731779099,0.15199731225973923,0.925,126.83387384644234
50,49,dend[16]_2,dend[16]_1,dend,-81.71690368652344,-80.91988372802734,8.57050895690918,0.4099999964237213,0.11218894628955219,1.2750000000000001,147.57534688185726
51,50,dend[16]_3,dend[16]_2,dend,-95.18409729003906,-100.96198272705078,7.452118873596191,0.23499999940395355,0.08806873108295657,1.675,168.3168199172722
52,51,dend[16]_4,dend[16]_3,dend,-104.22799682617188,-119.2509765625,6.317338943481445,0.14499999582767487,0.0726353834335635,2.0,189.05829295268717
53,52,dend[16]_5,dend[16]_4,dend,-114.68800354003906,-137.083984375,5.915928840637207,0.4099999964237213,0.0554375766843149,2.4250000000000003,209.79976598810208
54,53,dend[16]_6,dend[16]_5,dend,-125.0979995727539,-155.7059783935547,4.659789085388184,0.11999999731779099,0.03530323445435482,3.4000000000000004,230.54123902351702
55,54,dend[16]_7,dend[16]_6,dend,-141.86099243164062,-168.85098266601562,2.543879270553589,0.26499998569488525,0.02884167116833668,4.2250000000000005,251.28271205893193
56,55,dend[16]_8,dend[16]_7,dend,-160.67599487304688,-179.39198303222656,-1.2191907167434692,0.5600000023841858,0.025202544399373188,4.925000000000001,272.0241850943469
57,56,dend[16]_9,dend[16]_8,dend,-174.61099243164062,-185.99697875976562,-0.30763670802116394,0.05999999865889549,0.023564675491751577,5.275,292.7656581297618
58,57,dend[16]_10,dend[16]_9,dend,-190.84100341796875,-189.37799072265625,4.11677885055542,0.11999999731779099,0.017527612629276542,7.375,313.50713116517676
59,58,dend[17]_0,dend[16]_10,dend,-204.02699279785156,-182.21998596191406,9.385619163513184,0.35499998927116394,0.01709131977407569,7.7,333.0555055352222
60,58,dend[18]_0,dend[16]_10,dend,-200.21400451660156,-186.90298461914062,5.390769004821777,0.029999999329447746,0.017178491777667917,7.625,325.75048322684756
61,47,dend[19]_0,dend[15]_0,dend,-52.21640396118164,-48.861183166503906,6.20150899887085,0.11999999731779099,0.45936911310438044,0.4,103.90619187560876
62,61,dend[19]_1,dend[19]_0,dend,-63.96540451049805,-54.66178512573242,3.2274792194366455,0.4699999988079071,0.29746148841352255,0.55,120.2752470401864
63,62,dend[19]_2,dend[19]_1,dend,-75.92179870605469,-64.93538665771484,4.409839153289795,0.11999999731779099,0.15596145441659903,0.8250000000000001,136.64430220476402
64,63,dend[19]_3,dend[19]_2,dend,-91.90160369873047,-74.14218139648438,4.058468818664551,0.4399999976158142,0.13112941485284804,0.9500000000000001,153.01335736934166
65,64,dend[19]_4,dend[19]_3,dend,-104.55799865722656,-83.33648681640625,3.7966692447662354,0.23499999940395355,0.08192043009268841,1.35,169.3824125339193
66,65,dend[20]_0,dend[19]_4,dend,-121.5199966430664,-88.28288269042969,-4.650920867919922,0.20499999821186066,0.0727725321988767,1.475,186.86648018916225
67,66,dend[20]_1,dend[20]_0,dend,-133.3509979248047,-88.1172866821289,-15.212301254272461,0.11999999731779099,0.04233802491062522,2.0500000000000003,205.46556033507045
68,67,dend[20]_2,dend[20]_1,dend,-139.06100463867188,-101.24298095703125,-30.003400802612305,0.38499999046325684,0.03336591000039093,2.5250000000000004,224.06464048097865
69,68,dend[20]_3,dend[20]_2,dend,-143.17300415039062,-113.21298217773438,-39.53379821777344,0.23499999940395355,0.029229908732902713,2.875,242.66372062688683
70,69,dend[20]_4,dend[20]_3,dend,-148.9759979248047,-128.21298217773438,-50.426998138427734,0.32499998807907104,0.0245990072337326,3.625,261.26280077279506
71,70,dend[20]_5,dend[20]_4,dend,-158.11900329589844,-137.81698608398438,-61.50199890136719,0.20499999821186066,0.02283919921758132,4.15,279.8618809187032
72,71,dend[20]_6,dend[20]_5,dend,-171.28199768066406,-143.2839813232422,-71.62339782714844,0.4399999976158142,0.021594687995073754,4.675,298.4609610646114
73,72,dend[21]_0,dend[20]_6,dend,-189.4759979248047,-140.5249786376953,-82.56300354003906,0.26499998569488525,0.02092796267179133,5.050000000000001,323.2411493299475
74,72,dend[22]_0,dend[20]_6,dend,-181.7779998779297,-149.1859893798828,-82.10369873046875,0.5299999713897705,0.02032154170632442,5.375,325.54833816378215
75,65,dend[23]_0,dend[19]_4,dend,-126.41300201416016,-93.4673843383789,1.513039231300354,0.17499999701976776,0.06227721926296416,1.725,195.52333368929004
76,75,dend[24]_0,dend[23]_0,dend,-146.43600463867188,-112.8749771118164,-1.7275607585906982,0.20499999821186066,0.041474336720728595,2.2,222.86023967838375
77,76,dend[24]_1,dend[24]_0,dend,-164.093994140625,-122.6839828491211,-2.5285305976867676,0.11999999731779099,0.03162325117763818,2.725,241.62126451040743
78,77,dend[24]_2,dend[24]_1,dend,-176.78700256347656,-133.91598510742188,-5.992300987243652,0.05999999865889549,0.02563231115245132,3.1750000000000003,260.38228934243114
79,78,dend[24]_3,dend[24]_2,dend,-192.33200073242188,-144.16098022460938,-8.238370895385742,0.11999999731779099,0.01877280126810968,4.575,279.14331417445476
80,79,dend[24]_4,dend[24]_3,dend,-206.91400146484375,-156.5579833984375,-8.646760940551758,0.14499999582767487,0.017577307426054317,5.125,297.90433900647844
81,80,dend[24]_5,dend[24]_4,dend,-217.13099670410156,-167.66497802734375,-13.172201156616211,0.20499999821186066,0.016942778731588275,5.5,316.66536383850206
82,81,dend[24]_6,dend[24]_5,dend,-232.89599609375,-173.44297790527344,-17.079700469970703,0.4699999988079071,0.015554410423163634,6.425000000000001,335.42638867052574
83,75,dend[25]_0,dend[23]_0,dend,-143.66799926757812,-111.13699340820312,-3.8678207397460938,0.5,0.020313493595664055,2.875,223.20530560850742
84,83,dend[25]_1,dend[25]_0,dend,-157.0070037841797,-125.48898315429688,-9.927870750427246,0.4099999964237213,0.015281452513574137,4.05,242.65646230077843
85,84,dend[25]_2,dend[25]_1,dend,-168.0240020751953,-133.46498107910156,-14.995600700378418,0.17499999701976776,0.013713280644588658,5.025,262.1076189930494
86,85,dend[25]_3,dend[25]_2,dend,-185.89100646972656,-138.7589874267578,-29.80769920349121,0.14499999582767487,0.013056173835305242,5.575,281.5587756853204
87,86,dend[25]_4,dend[25]_3,dend,-197.85400390625,-145.47097778320312,-43.029701232910156,0.20499999821186066,0.012676304205327997,5.95,301.00993237759144
88,87,dend[25]_5,dend[25]_4,dend,-204.73199462890625,-160.68798828125,-54.2130012512207,0.4099999964237213,0.01249343023408473,6.15,320.4610890698624
89,88,dend[25]_6,dend[25]_5,dend,-207.6820068359375,-178.13198852539062,-62.706600189208984,0.29499998688697815,0.012405150478020847,6.25,339.9122457621334
90,22,dend[26]_0,dend[6]_0,dend,-22.056903839111328,-34.31008529663086,2.9644992351531982,0.8550000190734863,0.7867174576111152,0.07500000000000001,68.22610040224836
91,90,dend[26]_1,dend[26]_0,dend,-28.070302963256836,-51.010284423828125,8.036828994750977,0.20499999821186066,0.6625533178951725,0.15000000000000002,86.74363492525018
92,91,dend[26]_2,dend[26]_1,dend,-38.302001953125,-61.61358642578125,12.947898864746094,0.5299999713897705,0.4367716691499391,0.375,105.26116944825199
93,92,dend[27]_0,dend[26]_2,dend,-51.556705474853516,-79.43388366699219,14.775598526000977,0.09000000357627869,0.3047253495947845,0.5750000000000001,123.92524859033207
94,93,dend[27]_1,dend[27]_0,dend,-59.85360336303711,-101.36998748779297,13.37199878692627,0.14499999582767487,0.17778498804166404,1.0,142.73587235149046
95,94,dend[27]_2,dend[27]_1,dend,-64.09529876708984,-121.14298248291016,14.62709903717041,0.05999999865889549,0.13896443613904816,1.375,161.5464961126488
96,95,dend[27]_3,dend[27]_2,dend,-70.24980163574219,-138.46697998046875,12.78809928894043,0.05999999865889549,0.08178488059671665,1.85,180.3571198738072
97,96,dend[27]_4,dend[27]_3,dend,-74.5105972290039,-156.41098022460938,12.651999473571777,0.23499999940395355,0.036924481325921445,2.8000000000000003,199.16774363496555
98,97,dend[27]_5,dend[27]_4,dend,-79.25530242919922,-172.96897888183594,12.18429946899414,0.5,0.028804835843651747,3.475,217.97836739612393
99,98,dend[27]_6,dend[27]_5,dend,-84.1427993774414,-190.82298278808594,10.124399185180664,0.09000000357627869,0.025065582113043407,3.9000000000000004,236.78899115728228
100,99,dend[27]_7,dend[27]_6,dend,-88.48760223388672,-210.2769775390625,8.31579875946045,0.09000000357627869,0.020875539679983252,4.55,255.59961491844064
101,100,dend[27]_8,dend[27]_7,dend,-94.21749877929688,-224.8879852294922,6.205189228057861,0.4699999988079071,0.017373533557613077,5.2,274.410238679599
102,101,dend[27]_9,dend[27]_8,dend,-100.59100341796875,-241.14198303222656,2.10810923576355,0.32499998807907104,0.01373105727004649,6.175000000000001,293.22086244075734
103,102,dend[27]_10,dend[27]_9,dend,-106.09300231933594,-255.86598205566406,0.3236032724380493,0.029999999329447746,0.011876481573807449,6.9750000000000005,312.03148620191575
104,103,dend[27]_11,dend[27]_10,dend,-111.4219970703125,-267.8389892578125,-3.5313007831573486,0.4699999988079071,0.00956108533175216,8.65,330.8421099630741
105,104,dend[27]_12,dend[27]_11,dend,-121.21700286865234,-281.697998046875,-10.699200630187988,0.05999999865889549,0.00901325997730182,9.35,349.65273372423246
106,105,dend[28]_0,dend[27]_12,dend,-130.08299255371094,-289.07000732421875,-13.636100769042969,0.029999999329447746,0.008755871364179473,9.725000000000001,362.1004241546715
107,105,dend[29]_0,dend[27]_12,dend,-124.61799621582031,-291.2330017089844,-14.36720085144043,0.05999999865889549,0.008860925042177017,9.575000000000001,363.10216083907744
108,92,dend[30]_0,dend[26]_2,dend,-47.01350402832031,-77.33808135986328,16.705799102783203,0.7950000166893005,0.2807284724014234,0.6000000000000001,123.06742960082005
109,108,dend[30]_1,dend[30]_0,dend,-47.65860366821289,-92.54488372802734,19.78849983215332,0.09000000357627869,0.16450496302534703,0.9,140.16241538295438
110,109,dend[30]_2,dend[30]_1,dend,-46.076904296875,-108.1829833984375,22.660900115966797,0.11999999731779099,0.10251860673136419,1.2750000000000001,157.2574011650887
111,110,dend[30]_3,dend[30]_2,dend,-45.26960372924805,-124.24799346923828,24.614500045776367,0.4399999976158142,0.07410584962828022,1.6,174.352386947223
112,111,dend[30]_4,dend[30]_3,dend,-44.756404876708984,-143.7159881591797,24.978900909423828,0.17499999701976776,0.055358693216530544,2.0500000000000003,191.44737272935734
113,112,dend[31]_0,dend[30]_4,dend,-42.42070388793945,-161.2769775390625,29.32309913635254,0.11999999731779099,0.04614118510822456,2.5500000000000003,209.32633816292537
114,113,dend[31]_1,dend[31]_0,dend,-44.08860397338867,-179.17298889160156,33.68769836425781,0.11999999731779099,0.04081508580267794,2.9000000000000004,227.9892832479271
115,114,dend[31]_2,dend[31]_1,dend,-46.43620300292969,-196.7769775390625,32.61909866333008,0.17499999701976776,0.025746801007521514,3.825,246.6522283329288
116,115,dend[32]_0,dend[31]_2,dend,-41.30810546875,-223.03598022460938,28.79360008239746,0.029999999329447746,0.014132570339096205,7.2,275.93004934736433
117,115,dend[33]_0,dend[31]_2,dend,-37.581703186035156,-216.583984375,29.992399215698242,0.09000000357627869,0.016964814378669008,6.125,271.75040826482984
118,112,dend[34]_0,dend[30]_4,dend,-43.72770309448242,-166.0769805908203,24.203500747680664,0.5299999713897705,0.04223320389905255,2.6750000000000003,211.27417809776077
119,118,dend[34]_1,dend[34]_0,dend,-38.153602600097656,-191.7119903564453,20.71470069885254,0.11999999731779099,0.03146654562747922,3.4250000000000003,233.83280305243332
120,119,dend[34]_2,dend[34]_1,dend,-37.933204650878906,-213.50099182128906,18.86039924621582,0.09000000357627869,0.024902099705211986,4.15,256.3914280071059
121,120,dend[34]_3,dend[34]_2,dend,-35.615901947021484,-235.41598510742188,19.170000076293945,0.09000000357627869,0.020143368185901567,5.0,278.9500529617784
122,121,dend[34]_4,dend[34]_3,dend,-30.419103622436523,-255.2139892578125,17.420900344848633,0.4399999976158142,0.015740967856501604,6.675000000000001,301.508677916451
123,122,dend[35]_0,dend[34]_4,dend,-26.070104598999023,-261.7829895019531,15.220799446105957,0.05999999865889549,0.015125764277609638,7.1000000000000005,316.28586841585764
124,122,dend[36]_0,dend[34]_4,dend,-26.781103134155273,-267.2799987792969,14.729199409484863,0.11999999731779099,0.014960828897745521,7.2250000000000005,318.18777524254085
125,124,dend[37]_0,dend[36]_0,dend,-21.441003799438477,-280.31201171875,9.679179191589355,0.38499999046325684,0.014385451496985899,7.7250000000000005,335.0654084735327
126,124,dend[38]_0,dend[36]_0,dend,-24.73050308227539,-273.5039978027344,12.62649917602539,0.26499998569488525,0.014818826933367607,7.325,325.6247244716695
127,1,dend[39]_0,soma[0]_0,dend,0.8625365495681763,-14.576486587524414,-3.3936808109283447,1.2350000143051147,0.9616788434785193,0.0,21.983071220438266
128,127,dend[39]_1,dend[39]_0,dend,0.8554865717887878,-17.766386032104492,-8.40674114227295,0.7049999833106995,0.9118807090884739,0.025,39.32859050347764
129,128,dend[39]_2,dend[39]_1,dend,-2.952413320541382,-23.073486328125,-20.105199813842773,0.4699999988079071,0.7839991068798082,0.1,56.67410978651702
130,129,dend[40]_0,dend[39]_2,dend,-4.171793460845947,-24.29358673095703,-23.777299880981445,0.7950000166893005,0.7297220688462769,0.15000000000000002,68.86156667911686
131,130,dend[41]_0,dend[40]_0,dend,-13.361403465270996,-34.614383697509766,-30.37339973449707,0.17499999701976776,0.6446843507211029,0.2,84.96818997888701
132,131,dend[41]_1,dend[41]_0,dend,-25.526304244995117,-45.52808380126953,-40.08679962158203,0.26499998569488525,0.28959181753085683,0.42500000000000004,110.15204207626704
133,132,dend[41]_2,dend[41]_1,dend,-27.398902893066406,-70.42578125,-49.700599670410156,0.5,0.19893260762135181,0.6000000000000001,135.33589417364703
134,133,dend[42]_0,dend[41]_2,dend,-39.737205505371094,-93.43868255615234,-54.687599182128906,0.4399999976158142,0.1318639484603993,0.9750000000000001,158.97404779238246
135,134,dend[42]_1,dend[42]_0,dend,-53.238304138183594,-110.0059814453125,-60.522499084472656,0.5,0.11105440522759313,1.225,181.06650293247336
136,135,dend[42]_2,dend[42]_1,dend,-66.89949798583984,-131.02398681640625,-69.42680358886719,0.35499998927116394,0.08969183140927528,1.5,203.15895807256425
137,136,dend[42]_3,dend[42]_2,dend,-80.856201171875,-150.6409912109375,-75.32540130615234,0.26499998569488525,0.0735346067207215,1.8,225.2514132126551
138,137,dend[42]_4,dend[42]_3,dend,-92.86229705810547,-170.57798767089844,-82.13030242919922,0.38499999046325684,0.061058534214223255,2.15,247.34386835274603
139,138,dend[42]_5,dend[42]_4,dend,-100.09100341796875,-187.52798461914062,-85.76200103759766,0.14499999582767487,0.05189568201250221,2.5250000000000004,269.4363234928369
140,139,dend[42]_6,dend[42]_5,dend,-113.18499755859375,-197.6519775390625,-86.92050170898438,0.29499998688697815,0.04282991062988357,3.1500000000000004,291.52877863292775
141,140,dend[42]_7,dend[42]_6,dend,-130.6009979248047,-207.03797912597656,-90.5198974609375,0.14499999582767487,0.03789297030848893,3.85,313.6212337730187
142,141,dend[42]_8,dend[42]_7,dend,-143.0919952392578,-217.2379913330078,-95.11090087890625,0.20499999821186066,0.03413502787804655,4.775,335.71368891310954
143,142,dend[43]_0,dend[42]_8,dend,-150.38699340820312,-224.97097778320312,-99.13639831542969,0.23499999940395355,0.03369602369380609,4.925000000000001,349.8789062014867
144,142,dend[44]_0,dend[42]_8,dend,-156.62600708007812,-239.739990234375,-108.69300079345703,0.20499999821186066,0.033084452281505104,5.15,366.75520658817715
145,133,dend[45]_0,dend[41]_2,dend,-33.209102630615234,-94.0993881225586,-61.4452018737793,0.26499998569488525,0.13610404162042417,0.925,158.5711732198026
146,145,dend[45]_1,dend[45]_0,dend,-35.9535026550293,-110.1629867553711,-72.05919647216797,0.23499999940395355,0.10938297226340156,1.225,179.8578792147337
147,146,dend[45]_2,dend[45]_1,dend,-40.7899055480957,-127.6609878540039,-78.65740203857422,0.17499999701976776,0.08949185948238388,1.625,201.14458520966485
148,147,dend[45]_3,dend[45]_2,dend,-45.101104736328125,-149.56797790527344,-94.47799682617188,0.26499998569488525,0.08012474796912963,2.025,222.431291204596
149,148,dend[45]_4,dend[45]_3,dend,-47.03440475463867,-167.02297973632812,-103.00299835205078,0.23499999940395355,0.0748581852615643,2.45,243.71799719952713
150,149,dend[45]_5,dend[45]_4,dend,-50.597904205322266,-182.22398376464844,-112.15399932861328,0.5299999713897705,0.07248013441058808,2.725,265.0047031944583
151,150,dend[45]_6,dend[45]_5,dend,-52.91480255126953,-197.3359832763672,-124.46600341796875,0.20499999821186066,0.07183447422706153,2.825,286.2914091893894
152,130,dend[46]_0,dend[40]_0,dend,2.129556655883789,-29.00908660888672,-32.77519989013672,0.11999999731779099,0.6883451949456484,0.17500000000000002,82.73124223748871
153,152,dend[46]_1,dend[46]_0,dend,13.065596580505371,-35.351585388183594,-33.598201751708984,0.675000011920929,0.2399787975925531,0.42500000000000004,103.44119885207209
154,153,dend[46]_2,dend[46]_1,dend,24.043195724487305,-48.63468551635742,-40.278099060058594,0.14499999582767487,0.1340835778324549,0.875,124.1511554666555
155,154,dend[46]_3,dend[46]_2,dend,34.544395446777344,-62.655086517333984,-52.22610092163086,0.38499999046325684,0.11843828151774784,1.05,144.8611120812389
156,155,dend[46]_4,dend[46]_3,dend,37.27249526977539,-84.94308471679688,-70.79530334472656,0.35499998927116394,0.10056246285420058,1.3,165.5710686958223
157,156,dend[46]_5,dend[46]_4,dend,36.773895263671875,-112.28398132324219,-85.90350341796875,0.26499998569488525,0.08782007798692705,1.5250000000000001,186.28102531040568
158,157,dend[46]_6,dend[46]_5,dend,42.140296936035156,-126.35298156738281,-93.43419647216797,0.26499998569488525,0.0754536697906506,1.8250000000000002,206.99098192498906
159,158,dend[46]_7,dend[46]_6,dend,43.18779754638672,-144.67198181152344,-100.82599639892578,0.35499998927116394,0.06375986636687207,2.6,227.70093853957246
160,159,dend[46]_8,dend[46]_7,dend,45.63569641113281,-159.8789825439453,-105.1989974975586,0.26499998569488525,0.06128814523548211,2.95,248.41089515415587
161,160,dend[46]_9,dend[46]_8,dend,47.4495964050293,-174.8079833984375,-106.45700073242188,0.38499999046325684,0.05981343701210007,3.2,269.12085176873927
162,161,dend[46]_10,dend[46]_9,dend,46.55429458618164,-191.7889862060547,-111.92400360107422,0.5,0.059356934709626816,3.3000000000000003,289.8308083833227
163,129,dend[47]_0,dend[39]_2,dend,0.9562045335769653,-30.34148597717285,-20.77199935913086,0.14499999582767487,0.6588267125819761,0.2,75.36286940016348
164,163,dend[47]_1,dend[47]_0,dend,13.182395935058594,-40.82378387451172,-21.16160011291504,0.05999999865889549,0.3049702496530089,0.45,95.39486934441703
165,164,dend[47]_2,dend[47]_1,dend,22.45569610595703,-53.362083435058594,-22.41699981689453,0.26499998569488525,0.23493623054136584,0.675,115.42686928867059
166,165,dend[47]_3,dend[47]_2,dend,30.759296417236328,-64.78778839111328,-24.797700881958008,0.5899999737739563,0.1904020864599347,0.8500000000000001,135.45886923292414
167,166,dend[47]_4,dend[47]_3,dend,39.27959442138672,-87.25018310546875,-27.677900314331055,0.29499998688697815,0.13854333772419053,1.125,155.49086917717767
168,167,dend[47]_5,dend[47]_4,dend,46.85459518432617,-102.19798278808594,-30.449600219726562,0.4699999988079071,0.112964939581156,1.3250000000000002,175.52286912143126
169,168,dend[47]_6,dend[47]_5,dend,55.25129699707031,-125.2509765625,-33.62580108642578,0.14499999582767487,0.07927112539564252,1.8,195.55486906568478
170,169,dend[47]_7,dend[47]_6,dend,64.86750030517578,-141.59898376464844,-40.85419845581055,0.29499998688697815,0.07117522483127298,2.0500000000000003,215.58686900993837
171,170,dend[47]_8,dend[47]_7,dend,79.05860137939453,-160.31298828125,-50.93709945678711,0.26499998569488525,0.06268624668397299,2.6500000000000004,235.6188689541919
172,171,dend[48]_0,dend[47]_8,dend,83.77690124511719,-184.52297973632812,-55.221500396728516,0.17499999701976776,0.05853590210890359,3.25,260.5323823154463
173,171,dend[49]_0,dend[47]_8,dend,85.431396484375,-173.40399169921875,-55.64659881591797,0.17499999701976776,0.0588084383569837,3.1500000000000004,251.16779041692217
174,173,dend[50]_0,dend[49]_0,dend,95.62870025634766,-186.7919921875,-59.39699935913086,0.17499999701976776,0.057318122442234665,3.4250000000000003,270.57519980412104
175,173,dend[51]_0,dend[49]_0,dend,91.6332015991211,-180.44699096679688,-60.46099853515625,0.29499998688697815,0.05759210650596308,3.35,263.68843205425395
176,175,dend[51]_1,dend[51]_0,dend,100.06099700927734,-192.3309783935547,-68.4583969116211,0.14499999582767487,0.05694368926705626,3.475,277.66387234771054
177,176,dend[51]_2,dend[51]_1,dend,106.25599670410156,-203.60098266601562,-73.45449829101562,0.35499998927116394,0.0563861115035702,3.6,291.6393126411672
178,1,dend[52]_0,soma[0]_0,dend,-5.914483547210693,-13.765386581420898,5.1990790367126465,0.5600000023841858,0.9391216629027586,0.025,22.209532329767292
179,178,dend[52]_1,dend[52]_0,dend,-14.632403373718262,-17.267486572265625,10.09999942779541,0.32499998807907104,0.8543095039258506,0.05,40.007973831464724
180,179,dend[52]_2,dend[52]_1,dend,-21.44840431213379,-22.947385787963867,9.320928573608398,0.14499999582767487,0.7307486917365758,0.125,57.80641533316216
181,180,dend[53]_0,dend[52]_2,dend,-34.680904388427734,-36.243682861328125,15.727398872375488,0.20499999821186066,0.5598252438258708,0.5750000000000001,80.94694744772238
182,181,dend[54]_0,dend[53]_0,dend,-54.05640411376953,-46.93548583984375,18.174100875854492,0.09000000357627869,0.14837554465990696,0.9500000000000001,105.4816432657068
183,182,dend[54]_1,dend[54]_0,dend,-64.93109893798828,-58.71108627319336,27.144699096679688,0.5600000023841858,0.10748654568156915,1.2750000000000001,126.06841217425264
184,183,dend[54]_2,dend[54]_1,dend,-74.32559967041016,-74.30518341064453,37.390098571777344,0.32499998807907104,0.07770915460819026,1.725,146.6551810827985
185,184,dend[54]_3,dend[54]_2,dend,-78.39569854736328,-95.70718383789062,40.87329864501953,0.11999999731779099,0.06227156069099252,2.1750000000000003,167.24194999134434
186,185,dend[54]_4,dend[54]_3,dend,-80.18299865722656,-114.51798248291016,40.787601470947266,0.14499999582767487,0.04498268074121547,2.95,187.8287188998902
187,186,dend[54]_5,dend[54]_4,dend,-81.58499908447266,-132.5059814453125,44.36759948730469,0.5299999713897705,0.0377383578457635,3.625,208.41548780843607
188,187,dend[54]_6,dend[54]_5,dend,-84.89579772949219,-152.8579864501953,47.97489929199219,0.4399999976158142,0.031877878497293746,4.800000000000001,229.0022567169819
189,188,dend[54]_7,dend[54]_6,dend,-89.17579650878906,-174.73597717285156,45.93009948730469,0.09000000357627869,0.03042598143767448,5.25,249.58902562552777
190,189,dend[54]_8,dend[54]_7,dend,-93.69290161132812,-192.2639923095703,39.79059982299805,0.09000000357627869,0.0291866697560707,5.75,270.1757945340736
191,181,dend[55]_0,dend[53]_0,dend,-46.72670364379883,-52.69048309326172,19.07200050354004,0.029999999329447746,0.192869563608295,1.0250000000000001,105.97932576379048
192,191,dend[55]_1,dend[55]_0,dend,-56.65300369262695,-71.93318176269531,28.928699493408203,0.6449999809265137,0.0842538058415118,1.7750000000000001,127.56145966850372
193,192,dend[55]_2,dend[55]_1,dend,-64.9072036743164,-91.34078216552734,36.87480163574219,0.5,0.04476000155345077,2.875,149.14359357321695
194,193,dend[55]_3,dend[55]_2,dend,-69.66210174560547,-111.44998168945312,40.19129943847656,0.4099999964237213,0.028741129149860288,4.1000000000000005,170.72572747793015
195,194,dend[55]_4,dend[55]_3,dend,-76.15699768066406,-126.39798736572266,44.02519989013672,0.029999999329447746,0.020240926624834416,5.525,192.30786138264338
196,195,dend[55]_5,dend[55]_4,dend,-83.50060272216797,-145.20498657226562,42.9364013671875,0.4399999976158142,0.01635141289431314,6.7250000000000005,213.8899952873566
197,196,dend[55]_6,dend[55]_5,dend,-88.90080261230469,-166.0059814453125,40.31549835205078,0.029999999329447746,0.011093010631276653,9.55,235.47212919206981
198,180,dend[56]_0,dend[52]_2,dend,-32.528804779052734,-34.63118362426758,9.106108665466309,0.029999999329447746,0.5894524792180618,0.47500000000000003,77.88961656454518
199,198,dend[56]_1,dend[56]_0,dend,-49.67870330810547,-42.91458511352539,-2.336040735244751,0.11999999731779099,0.23360021021548627,0.8,100.25757752561381
200,199,dend[56]_2,dend[56]_1,dend,-62.865203857421875,-55.929283142089844,-11.628101348876953,0.09000000357627869,0.12699955234200283,1.225,122.62553848668247
201,200,dend[56]_3,dend[56]_2,dend,-72.8738021850586,-78.3100814819336,-17.354999542236328,0.7649999856948853,0.09316732790061412,1.6500000000000001,144.9934994477511
202,201,dend[56]_4,dend[56]_3,dend,-79.04609680175781,-98.53448486328125,-21.121999740600586,0.09000000357627869,0.06745970191552315,2.0500000000000003,167.36146040881977
203,202,dend[56]_5,dend[56]_4,dend,-86.73139953613281,-120.19597625732422,-24.79439926147461,0.09000000357627869,0.039109875956834954,2.625,189.72942136988837
204,203,dend[56]_6,dend[56]_5,dend,-93.83480072021484,-138.760986328125,-28.999300003051758,0.11999999731779099,0.023168809408860017,3.6,212.09738233095703
205,204,dend[57]_0,dend[56]_6,dend,-104.70700073242188,-151.17098999023438,-38.5177001953125,0.5899999737739563,0.018420486292441314,4.675,234.20073384397188
206,205,dend[57]_1,dend[57]_0,dend,-107.60700225830078,-166.71697998046875,-49.760799407958984,0.09000000357627869,0.016012887020421744,5.8500000000000005,256.03947590893284
207,206,dend[57]_2,dend[57]_1,dend,-117.13899993896484,-185.36997985839844,-59.4838981628418,0.14499999582767487,0.01520078563520693,6.45,277.87821797389387
208,207,dend[58]_0,dend[57]_2,dend,-128.79299926757812,-196.27198791503906,-71.48819732666016,0.32499998807907104,0.014943685610454185,6.7,297.8035951231619
209,207,dend[59]_0,dend[57]_2,dend,-124.89399719238281,-190.94798278808594,-66.16649627685547,0.17499999701976776,0.01508657460523233,6.550000000000001,291.9756190127813
210,204,dend[60]_0,dend[56]_6,dend,-100.93900299072266,-152.5419921875,-33.65589904785156,0.17499999701976776,0.019033107997919615,4.45,231.39936390454142
211,210,dend[60]_1,dend[60]_0,dend,-107.25199890136719,-165.239990234375,-37.63399887084961,0.5,0.017446465273344848,5.025,247.63536609064147
212,211,dend[60]_2,dend[60]_1,dend,-115.59600067138672,-178.14398193359375,-41.04520034790039,0.5,0.016115338718934655,5.7,263.8713682767416
213,212,dend[60]_3,dend[60]_2,dend,-120.19300079345703,-191.4189910888672,-41.855201721191406,0.09000000357627869,0.014827529627157464,6.6000000000000005,280.10737046284163
214,213,dend[60]_4,dend[60]_3,dend,-137.09100341796875,-199.29598999023438,-46.98059844970703,0.4699999988079071,0.014602821988272724,6.800000000000001,296.34337264894174
215,214,dend[61]_0,dend[60]_4,dend,-145.0800018310547,-203.48898315429688,-48.762298583984375,0.23499999940395355,0.01432658924393737,7.050000000000001,308.1745867763932
216,214,dend[62]_0,dend[60]_4,dend,-145.99899291992188,-202.1329803466797,-48.13290023803711,0.11999999731779099,0.014551570734185776,6.8500000000000005,308.0247278791172
217,1,dend[63]_0,soma[0]_0,dend,9.23189640045166,-14.689286231994629,-8.874820709228516,0.32499998807907104,0.859763519916975,0.05,23.02343039111519
218,217,dend[63]_1,dend[63]_0,dend,23.5751953125,-24.864486694335938,-9.304290771484375,0.20499999821186066,0.7255106319222923,0.275,42.44966801550842
219,218,dend[63]_2,dend[63]_1,dend,36.490596771240234,-26.346986770629883,-10.664701461791992,0.14499999582767487,0.6452704867908261,0.4,61.87590563990166
220,219,dend[63]_3,dend[63]_2,dend,49.870296478271484,-29.810686111450195,-15.895200729370117,0.20499999821186066,0.40332035136375827,0.8500000000000001,81.3021432642949
221,220,dend[63]_4,dend[63]_3,dend,61.75759506225586,-33.46528625488281,-19.856599807739258,0.14499999582767487,0.30298994416507463,1.05,100.72838088868812
222,221,dend[63]_5,dend[63]_4,dend,75.41400146484375,-39.6370849609375,-25.335800170898438,0.5899999737739563,0.17797679834893454,1.3250000000000002,120.15461851308135
223,222,dend[63]_6,dend[63]_5,dend,91.04679870605469,-44.65208435058594,-27.343599319458008,0.7350000143051147,0.1292313957546997,1.55,139.58085613747457
224,223,dend[63]_7,dend[63]_6,dend,107.3949966430664,-50.40308380126953,-29.463699340820312,0.23499999940395355,0.09626446160297385,1.8250000000000002,159.0070937618678
225,224,dend[63]_8,dend[63]_7,dend,124.51000213623047,-52.01788330078125,-35.86690139770508,0.38499999046325684,0.07817321629558294,2.075,178.43333138626102
226,225,dend[64]_0,dend[63]_8,dend,139.00599670410156,-54.77818298339844,-37.35929870605469,0.32499998807907104,0.06025988407184523,2.4250000000000003,198.8313958458459
227,226,dend[64]_1,dend[64]_0,dend,152.5330047607422,-63.46408462524414,-42.605499267578125,0.14499999582767487,0.04251898530426003,3.075,220.20128714062236
228,227,dend[64]_2,dend[64]_1,dend,168.25599670410156,-65.38858795166016,-51.207698822021484,0.17499999701976776,0.033493612915436295,3.875,241.57117843539885
229,228,dend[64]_3,dend[64]_2,dend,173.46200561523438,-72.52098846435547,-84.30940246582031,0.14499999582767487,0.030653680856275893,4.275,262.94106973017534
230,229,dend[64]_4,dend[64]_3,dend,186.20599365234375,-70.75008392333984,-96.91719818115234,0.11999999731779099,0.02750412011925633,4.925000000000001,284.31096102495184
231,230,dend[64]_5,dend[64]_4,dend,205.7270050048828,-67.1181869506836,-105.03199768066406,0.11999999731779099,0.024344430111908722,6.0,305.68085231972833
232,231,dend[64]_6,dend[64]_5,dend,215.91099548339844,-63.30198287963867,-119.25,0.32499998807907104,0.02335987485241236,6.5,327.05074361450477
233,232,dend[64]_7,dend[64]_6,dend,219.03700256347656,-57.83828353881836,-139.2989959716797,0.20499999821186066,0.022891798262077455,6.75,348.42063490928126
234,233,dend[64]_8,dend[64]_7,dend,223.0540008544922,-47.68208312988281,-151.59800720214844,0.14499999582767487,0.02266605844849007,6.9,369.79052620405776
235,225,dend[65]_0,dend[63]_8,dend,139.31500244140625,-47.707786560058594,-35.08039855957031,0.11999999731779099,0.060516659102394885,2.5,199.46689213362103
236,235,dend[65]_1,dend[65]_0,dend,158.4759979248047,-57.06248474121094,-30.085800170898438,0.11999999731779099,0.04513208767614839,3.475,222.1077760039478
237,236,dend[65]_2,dend[65]_1,dend,182.89100646972656,-56.04578399658203,-17.7185001373291,0.11999999731779099,0.040843621196202856,4.1000000000000005,244.74865987427458
238,237,dend[65]_3,dend[65]_2,dend,190.46400451660156,-71.28438568115234,-11.74670124053955,0.11999999731779099,0.03812579938048769,4.7250000000000005,267.3895437446013
239,238,dend[65]_4,dend[65]_3,dend,207.57400512695312,-77.56858825683594,-3.960660696029663,0.26499998569488525,0.03667660440339607,5.175000000000001,290.0304276149281
240,1,dend[66]_0,soma[0]_0,dend,-0.4319124221801758,14.547913551330566,-1.886610746383667,1.2050000429153442,0.98763207855214,0.0,14.516475297275406
241,240,dend[67]_0,dend[66]_0,dend,-6.216663360595703,24.514812469482422,-15.414501190185547,0.6200000047683716,0.8652396654663984,0.05,31.358823239913928
242,241,dend[68]_0,dend[67]_0,dend,-14.044404029846191,49.36331558227539,-11.991801261901855,0.4399999976158142,0.7116322782749296,0.2,57.572542001295105
243,242,dend[68]_1,dend[68]_0,dend,-12.501503944396973,74.10401153564453,-9.627460479736328,0.26499998569488525,0.5599840550694797,0.5,78.72761107549408
244,243,dend[68]_2,dend[68]_1,dend,-6.3646931648254395,98.61231231689453,-7.3240509033203125,0.11999999731779099,0.2687494205289675,0.75,99.88268014969304
245,244,dend[68]_3,dend[68]_2,dend,-3.4143033027648926,120.76101684570312,-4.292820930480957,0.7950000166893005,0.18488174148075964,1.0250000000000001,121.037749223892
246,245,dend[68]_4,dend[68]_3,dend,0.28430256247520447,141.57801818847656,-0.9028787016868591,0.14499999582767487,0.13101821208269307,1.4000000000000001,142.19281829809097
247,246,dend[68]_5,dend[68]_4,dend,1.6735864877700806,159.82101440429688,1.5164393186569214,0.5600000023841858,0.10647570252943242,1.725,163.34788737228996
248,247,dend[68]_6,dend[68]_5,dend,1.7705565690994263,174.52001953125,4.018309116363525,0.14499999582767487,0.08510448854393499,2.5,184.5029564464889
249,248,dend[68]_7,dend[68]_6,dend,2.509906768798828,192.3150177001953,6.308059215545654,0.4099999964237213,0.07895332314067226,3.0250000000000004,205.6580255206879
250,249,dend[68]_8,dend[68]_7,dend,3.218036651611328,206.61502075195312,7.561939239501953,0.11999999731779099,0.07594438795505076,3.4000000000000004,226.81309459488682
251,241,dend[69]_0,dend[67]_0,dend,-8.63620376586914,44.5769157409668,-15.596800804138184,0.11999999731779099,0.7307700746685669,0.15000000000000002,56.85153929019734
252,251,dend[69]_1,dend[69]_0,dend,-10.306504249572754,64.6390151977539,-20.08930015563965,0.23499999940395355,0.5432816774592955,0.45,76.56460294220078
253,252,dend[69]_2,dend[69]_1,dend,-11.494604110717773,87.95061492919922,-21.5398006439209,0.26499998569488525,0.47990139886777455,0.5750000000000001,96.27766659420422
254,253,dend[69]_3,dend[69]_2,dend,-9.822433471679688,104.8420181274414,-23.488500595092773,0.17499999701976776,0.355268012735735,0.75,115.99073024620765
255,254,dend[69]_4,dend[69]_3,dend,-5.525163173675537,120.92301177978516,-25.377199172973633,0.35499998927116394,0.29037420916943785,0.8500000000000001,135.70379389821107
256,255,dend[69]_5,dend[69]_4,dend,-2.8997433185577393,140.58401489257812,-23.419200897216797,0.14499999582767487,0.1894508799753238,1.075,155.41685755021453
257,256,dend[69]_6,dend[69]_5,dend,-1.498773455619812,161.39102172851562,-25.92650032043457,0.9100000262260437,0.13991359944570247,1.3250000000000002,175.129921202218
258,257,dend[69]_7,dend[69]_6,dend,0.66794753074646,182.34701538085938,-27.336599349975586,0.35499998927116394,0.10911077438400466,1.675,194.8429848542214
259,258,dend[69]_8,dend[69]_7,dend,2.1071267127990723,200.40000915527344,-28.633699417114258,0.26499998569488525,0.09561745731610705,1.9000000000000001,214.55604850622484
260,259,dend[69]_9,dend[69]_8,dend,3.351606607437134,217.0340118408203,-30.155799865722656,0.9100000262260437,0.07908528031339628,2.225,234.26911215822827
261,260,dend[69]_10,dend[69]_9,dend,3.173816680908203,234.49501037597656,-34.23030090332031,0.23499999940395355,0.06597108474769729,2.5,253.98217581023172
262,261,dend[69]_11,dend[69]_10,dend,3.810816764831543,251.31301879882812,-37.023101806640625,0.7350000143051147,0.048965674021292836,3.075,273.6952394622352
263,262,dend[69]_12,dend[69]_11,dend,5.612306594848633,268.7950134277344,-40.880699157714844,0.20499999821186066,0.03958756621979729,3.625,293.4083031142386
264,263,dend[69]_13,dend[69]_12,dend,8.919876098632812,288.0669860839844,-46.46849822998047,0.14499999582767487,0.03353382349194709,4.275,313.12136676624203
265,264,dend[69]_14,dend[69]_13,dend,8.496886253356934,306.3169860839844,-55.95830154418945,0.20499999821186066,0.02950191593778455,5.075,332.83443041824546
266,265,dend[70]_0,dend[69]_14,dend,-1.1007333993911743,323.8739929199219,-63.979698181152344,0.11999999731779099,0.027568887921476014,5.75,358.3425919034254
267,265,dend[71]_0,dend[69]_14,dend,8.838895797729492,314.9989929199219,-59.916099548339844,0.09000000357627869,0.02735248807006563,5.7250000000000005,346.2447973611721
268,267,dend[72]_0,dend[71]_0,dend,7.010136604309082,323.6780090332031,-63.9833984375,0.5299999713897705,0.02619644842164157,6.175000000000001,357.2584768146736
269,268,dend[72]_1,dend[72]_0,dend,2.6087167263031006,338.9809875488281,-65.25890350341797,0.17499999701976776,0.025251812492320332,6.6000000000000005,372.17816548782673
270,269,dend[72]_2,dend[72]_1,dend,-1.3180334568023682,350.9859924316406,-70.27159881591797,0.5299999713897705,0.025096886609162768,6.7,387.0978541609799
271,267,dend[73]_0,dend[71]_0,dend,13.246295928955078,326.54901123046875,-66.75779724121094,0.09000000357627869,0.026392782391781184,6.125,361.28966819035804
272,240,dend[74]_0,dend[66]_0,dend,0.693302571773529,18.571313858032227,-9.34420108795166,0.7049999833106995,0.9404747464129886,0.025,21.121794558144586
273,272,dend[75]_0,dend[74]_0,dend,-4.327433109283447,27.961313247680664,-10.30820083618164,0.09000000357627869,0.768065915374128,0.25,36.92615967338779
274,273,dend[75]_1,dend[75]_0,dend,-0.9954294562339783,48.390716552734375,-16.872699737548828,0.32499998807907104,0.6785620690941986,0.525,57.736578818849466
275,274,dend[75]_2,dend[75]_1,dend,1.016156554222107,67.00581359863281,-23.669099807739258,0.05999999865889549,0.5045421166736764,1.125,78.54699796431115
276,275,dend[75]_3,dend[75]_2,dend,2.3131067752838135,84.34181213378906,-27.19969940185547,0.38499999046325684,0.25668247881725403,1.55,99.35741710977283
277,276,dend[75]_4,dend[75]_3,dend,5.876846790313721,101.73700714111328,-32.5260009765625,0.11999999731779099,0.21036296716294717,2.1,120.1678362552345
278,272,dend[76]_0,dend[74]_0,dend,4.776876449584961,29.999813079833984,-12.409200668334961,0.23499999940395355,0.7860637895539562,0.15000000000000002,39.40594686829491
279,278,dend[76]_1,dend[76]_0,dend,15.768596649169922,57.319114685058594,-9.895490646362305,0.824999988079071,0.6645402643919558,0.25,65.17594040357085
280,279,dend[76]_2,dend[76]_1,dend,21.053695678710938,78.0044174194336,-9.637861251831055,0.5899999737739563,0.4821692826824788,0.47500000000000003,90.94593393884679
281,280,dend[77]_0,dend[76]_2,dend,23.433996200561523,107.13201904296875,-11.69270133972168,0.26499998569488525,0.305274454006496,0.675,113.89956908347028
282,281,dend[77]_1,dend[77]_0,dend,25.169496536254883,127.17501831054688,-11.270200729370117,0.32499998807907104,0.24617332243365134,0.8500000000000001,134.03684583744132
283,282,dend[77]_2,dend[77]_1,dend,25.925996780395508,146.82701110839844,-11.809901237487793,0.20499999821186066,0.1974401888505618,1.0,154.17412259141236
284,283,dend[77]_3,dend[77]_2,dend,27.831396102905273,164.38101196289062,-14.262101173400879,0.11999999731779099,0.15076949207572754,1.225,174.31139934538342
285,284,dend[77]_4,dend[77]_3,dend,27.609195709228516,186.218017578125,-15.250700950622559,0.7049999833106995,0.09941665489820493,1.675,194.44867609935446
286,285,dend[77]_5,dend[77]_4,dend,28.68729591369629,209.40000915527344,-18.7987003326416,0.17499999701976776,0.0868621601638357,1.9000000000000001,214.5859528533255
287,286,dend[77]_6,dend[77]_5,dend,32.54829788208008,228.65402221679688,-21.40399932861328,0.17499999701976776,0.0691288125145493,2.275,234.72322960729653
288,287,dend[77]_7,dend[77]_6,dend,34.62789535522461,252.2150115966797,-23.000499725341797,0.675000011920929,0.05786970118820923,2.575,254.86050636126757
289,288,dend[77]_8,dend[77]_7,dend,37.2975959777832,269.01300048828125,-25.320499420166016,0.32499998807907104,0.04749769628002984,2.975,274.9977831152385
290,289,dend[77]_9,dend[77]_8,dend,41.46919631958008,288.7090148925781,-24.168500900268555,0.17499999701976776,0.03846388290773105,3.4250000000000003,295.1350598692096
291,290,dend[77]_10,dend[77]_9,dend,42.56349563598633,302.4280090332031,-24.8789005279541,0.5600000023841858,0.03175648503124773,3.9250000000000003,315.27233662318065
292,291,dend[77]_11,dend[77]_10,dend,47.665897369384766,325.71600341796875,-27.448400497436523,0.26499998569488525,0.026945340256788037,4.375,335.4096133771517
293,292,dend[77]_12,dend[77]_11,dend,51.48169708251953,345.7460021972656,-26.25550079345703,0.23499999940395355,0.024116554374500124,4.7250000000000005,355.54689013112267
294,293,dend[77]_13,dend[77]_12,dend,55.43879699707031,366.77099609375,-26.98699951171875,0.5299999713897705,0.01986711737817307,5.325,375.68416688509376
295,294,dend[77]_14,dend[77]_13,dend,57.83519744873047,383.2850036621094,-27.165800094604492,0.29499998688697815,0.017314122090752934,5.775,395.8214436390648
296,295,dend[77]_15,dend[77]_14,dend,59.5818977355957,396.7909851074219,-28.87619972229004,0.17499999701976776,0.015606672732996731,6.125,415.95872039303583
297,296,dend[77]_16,dend[77]_15,dend,61.721195220947266,415.6260070800781,-28.988399505615234,0.5600000023841858,0.012976104756277435,6.7,436.09599714700687
298,297,dend[77]_17,dend[77]_16,dend,68.46620178222656,436.2799987792969,-28.608299255371094,0.17499999701976776,0.011597953674705508,7.075,456.2332739009779
299,298,dend[77]_18,dend[77]_17,dend,74.85669708251953,459.4649963378906,-29.722700119018555,0.7049999833106995,0.008851605597899881,7.95,476.370550654949
300,299,dend[77]_19,dend[77]_18,dend,80.38639831542969,477.3630065917969,-31.63920021057129,0.5299999713897705,0.007892162359767972,8.375,496.50782740892
301,300,dend[77]_20,dend[77]_19,dend,88.08619689941406,494.26300048828125,-31.33099937438965,0.38499999046325684,0.007151351370065661,8.725,516.645104162891
302,301,dend[77]_21,dend[77]_20,dend,96.88480377197266,514.4219970703125,-33.25669860839844,0.38499999046325684,0.005576840107317874,9.600000000000001,536.782380916862
303,302,dend[77]_22,dend[77]_21,dend,104.53299713134766,534.5960083007812,-38.883201599121094,0.17499999701976776,0.0047069108804322,10.3,556.9196576708331
304,303,dend[77]_23,dend[77]_22,dend,108.12200164794922,550.9219970703125,-44.612300872802734,0.17499999701976776,0.004150786777157244,10.875,577.0569344248041
305,304,dend[77]_24,dend[77]_23,dend,117.75299835205078,565.1229858398438,-50.90769958496094,0.4699999988079071,0.0036750534636075297,11.5,597.1942111787752
306,305,dend[77]_25,dend[77]_24,dend,129.02000427246094,578.7449951171875,-52.07820129394531,0.17499999701976776,0.003189885293264709,12.325000000000001,617.3314879327462
307,306,dend[77]_26,dend[77]_25,dend,141.1929931640625,594.3040161132812,-51.56880187988281,0.17499999701976776,0.0028855780046589947,13.025,637.4687646867172
308,307,dend[77]_27,dend[77]_26,dend,151.39199829101562,606.8319702148438,-53.929298400878906,0.17499999701976776,0.0026108462878495784,13.850000000000001,657.6060414406883
309,308,dend[77]_28,dend[77]_27,dend,166.54600524902344,620.8359985351562,-60.00310134887695,0.29499998688697815,0.0023935853880781197,14.675,677.7433181946593
310,309,dend[78]_0,dend[77]_28,dend,174.2969970703125,631.0289916992188,-73.75900268554688,0.26499998569488525,0.002233496257949776,15.450000000000001,700.1479774297505
311,310,dend[78]_1,dend[78]_0,dend,175.40899658203125,648.719970703125,-84.78179931640625,0.14499999582767487,0.0020874535917515605,16.225,724.8200191459619
312,311,dend[78]_2,dend[78]_1,dend,182.26199340820312,672.5759887695312,-92.07879638671875,0.05999999865889549,0.002003672690482392,16.775000000000002,749.4920608621732
313,309,dend[79]_0,dend[77]_28,dend,176.6909942626953,629.8070068359375,-67.85070037841797,0.14499999582767487,0.002250141306185119,15.375,697.1208921879664
314,313,dend[79]_1,dend[79]_0,dend,188.00100708007812,634.760009765625,-71.50350189208984,0.09000000357627869,0.00219040995123733,15.725000000000001,715.7387634206095
315,314,dend[79]_2,dend[79]_1,dend,205.67100524902344,642.0040283203125,-83.48819732666016,0.14499999582767487,0.00217148757155475,15.850000000000001,734.3566346532526
316,280,dend[80]_0,dend[76]_2,dend,25.938596725463867,101.12301635742188,-7.053360939025879,0.4399999976158142,0.3010791478080568,0.675,113.45108940482055
317,316,dend[80]_1,dend[80]_0,dend,27.616195678710938,117.82401275634766,-7.256890773773193,0.20499999821186066,0.22402631051129432,0.8500000000000001,132.6914068014921
318,317,dend[80]_2,dend[80]_1,dend,31.179296493530273,135.23101806640625,-7.184081077575684,0.29499998688697815,0.17656866665133675,1.05,151.9317241981637
319,318,dend[80]_3,dend[80]_2,dend,34.153194427490234,151.82801818847656,-7.76076078414917,0.675000011920929,0.1512189673752081,1.225,171.17204159483524
320,319,dend[80]_4,dend[80]_3,dend,38.85159683227539,168.51402282714844,-9.6095609664917,0.23499999940395355,0.12111164471026663,1.5,190.4123589915068
321,320,dend[80]_5,dend[80]_4,dend,45.234195709228516,189.8330078125,-10.246400833129883,0.35499998927116394,0.10214827672761709,1.7000000000000002,209.65267638817838
322,321,dend[80]_6,dend[80]_5,dend,49.71749496459961,206.53701782226562,-11.9079008102417,0.4099999964237213,0.07955112874706693,2.0500000000000003,228.89299378484995
323,322,dend[80]_7,dend[80]_6,dend,54.803897857666016,222.9860076904297,-12.03230094909668,0.6200000047683716,0.06172907852981136,2.475,248.13331118152152
324,323,dend[80]_8,dend[80]_7,dend,58.928897857666016,241.1330108642578,-12.439400672912598,0.14499999582767487,0.05204715376959362,2.825,267.3736285781931
325,324,dend[80]_9,dend[80]_8,dend,62.88189697265625,262.7820129394531,-14.624401092529297,0.4699999988079071,0.04471468069481087,3.2,286.6139459748646
326,325,dend[80]_10,dend[80]_9,dend,69.06069946289062,280.43798828125,-15.142701148986816,0.14499999582767487,0.03748138754656671,3.825,305.85426337153615
327,326,dend[80]_11,dend[80]_10,dend,77.79440307617188,296.385009765625,-15.163901329040527,0.26499998569488525,0.03373344365413814,4.375,325.0945807682077
328,327,dend[80]_12,dend[80]_11,dend,85.03150177001953,308.7879943847656,-18.404699325561523,0.20499999821186066,0.03130744151181754,4.875,344.3348981648793
329,328,dend[80]_13,dend[80]_12,dend,92.52469635009766,325.9289855957031,-31.351200103759766,0.20499999821186066,0.029382205268800015,5.425000000000001,363.57521556155086
330,329,dend[80]_14,dend[80]_13,dend,106.60800170898438,333.7229919433594,-37.42219924926758,0.5,0.028132257564065368,5.875,382.81553295822243
331,330,dend[81]_0,dend[80]_14,dend,109.97200012207031,318.9389953613281,-46.996498107910156,0.11999999731779099,0.02700110806383185,6.375,409.6166148897081
332,330,dend[82]_0,dend[80]_14,dend,117.08799743652344,330.0849914550781,-52.2411994934082,0.7049999833106995,0.02760183247968782,6.1000000000000005,403.02085211567635
333,1,dend[83]_0,soma[0]_0,dend,-3.595473289489746,14.151114463806152,1.3468292951583862,2.619999885559082,0.9820219340370765,0.0,19.101346675934117
334,333,dend[84]_0,dend[83]_0,dend,-1.0094034671783447,24.481714248657227,6.4912590980529785,0.7049999833106995,0.9201848547224963,0.025,33.48420502178077
335,334,dend[84]_1,dend[84]_0,dend,2.349686622619629,44.161415100097656,7.022549152374268,0.5600000023841858,0.8330881465264289,0.05,50.66785151944298
336,335,dend[84]_2,dend[84]_1,dend,4.2025065422058105,58.93201446533203,8.903168678283691,0.8550000190734863,0.7488751781941119,0.1,67.8514980171052
337,336,dend[84]_3,dend[84]_2,dend,6.0101165771484375,72.16291809082031,10.947098731994629,0.5299999713897705,0.6181191694001674,0.275,85.03514451476741
338,337,dend[84]_4,dend[84]_3,dend,9.123295783996582,91.25471496582031,14.627799034118652,0.7350000143051147,0.5790861859146297,0.325,102.21879101242965
339,338,dend[85]_0,dend[84]_4,dend,9.03675651550293,110.3690185546875,14.36729907989502,0.824999988079071,0.010385100313413435,0.9,123.86239314417011
340,339,dend[86]_0,dend[85]_0,dend,12.265396118164062,137.74801635742188,20.263500213623047,0.7649999856948853,0.008510345541974091,1.2000000000000002,147.22436444153786
341,340,dend[86]_1,dend[86]_0,dend,14.000696182250977,155.03501892089844,23.205299377441406,0.17499999701976776,0.006390745958744621,1.675,167.84474927045468
342,341,dend[86]_2,dend[86]_1,dend,17.46759605407715,174.75601196289062,25.893400192260742,0.14499999582767487,0.005159597222821836,2.1,188.4651340993715
343,342,dend[86]_3,dend[86]_2,dend,20.596696853637695,192.28102111816406,29.814899444580078,0.20499999821186066,0.0039934322195374645,2.6750000000000003,209.08551892828834
344,343,dend[86]_4,dend[86]_3,dend,21.774595260620117,209.7840118408203,31.14539909362793,0.6449999809265137,0.0032882400796621124,3.1750000000000003,229.70590375720514
345,344,dend[86]_5,dend[86]_4,dend,23.469995498657227,225.83401489257812,31.98419952392578,0.14499999582767487,0.002674813648257844,3.75,250.32628858612196
346,345,dend[86]_6,dend[86]_5,dend,27.202295303344727,247.5910186767578,33.31779861450195,0.17499999701976776,0.0022144287235052107,4.325,270.9466734150388
347,346,dend[86]_7,dend[86]_6,dend,32.050994873046875,267.95599365234375,37.1525993347168,0.29499998688697815,0.0018657089548159266,4.875,291.56705824395556
348,347,dend[86]_8,dend[86]_7,dend,33.838294982910156,285.302001953125,36.63090133666992,0.4399999976158142,0.0015723336899876698,5.45,312.18744307287244
349,348,dend[86]_9,dend[86]_8,dend,35.88569641113281,306.19500732421875,36.28229904174805,0.14499999582767487,0.0012895717136447383,6.300000000000001,332.8078279017892
350,349,dend[86]_10,dend[86]_9,dend,38.28999710083008,329.5050048828125,37.095001220703125,0.09000000357627869,0.0011073942236986627,7.125,353.4282127307061
351,350,dend[86]_11,dend[86]_10,dend,47.531795501708984,352.47601318359375,39.643798828125,0.14499999582767487,0.0009999778991110467,7.8500000000000005,374.0485975596229
352,351,dend[86]_12,dend[86]_11,dend,50.741695404052734,370.718994140625,41.94150161743164,0.5600000023841858,0.0008995273038908123,8.75,394.66898238853975
353,352,dend[87]_0,dend[86]_12,dend,49.81659698486328,383.2229919433594,42.037899017333984,0.09000000357627869,0.0008631098244636373,9.175,406.72613181218065
354,353,dend[88]_0,dend[87]_0,dend,50.16599655151367,395.3380126953125,43.215301513671875,0.11999999731779099,0.0008413741740030829,9.475,416.4590746399541
355,354,dend[88]_1,dend[88]_0,dend,51.4225959777832,411.1969909667969,41.81460189819336,0.17499999701976776,0.0008249135987630026,9.725000000000001,432.4310462771361
356,355,dend[88]_2,dend[88]_1,dend,45.72449493408203,422.4989929199219,37.25279998779297,0.17499999701976776,0.0007967171033508769,10.200000000000001,448.40301791431807
357,353,dend[89]_0,dend[87]_0,dend,50.7178955078125,399.0429992675781,46.9359016418457,0.029999999329447746,0.0007839950550451979,10.350000000000001,423.1189419655791
358,352,dend[90]_0,dend[86]_12,dend,46.099395751953125,398.3219909667969,39.74549865722656,0.11999999731779099,0.0006867622684582932,11.450000000000001,422.38387179845546
359,339,dend[91]_0,dend[85]_0,dend,9.466075897216797,135.0120086669922,15.031899452209473,1.0299999713897705,0.007904983434943202,1.3,148.51403595227788
360,359,dend[91]_1,dend[91]_0,dend,9.68553638458252,154.52801513671875,14.485098838806152,0.35499998927116394,0.005705606540445879,1.725,171.71376380267472
361,360,dend[91]_2,dend[91]_1,dend,11.619396209716797,178.3660125732422,14.12179946899414,0.7950000166893005,0.004163110316741674,2.35,194.91349165307156
362,361,dend[92]_0,dend[91]_2,dend,11.991896629333496,200.68701171875,13.704499244689941,0.09000000357627869,0.0033313437883197372,2.9000000000000004,216.55319151297206
363,362,dend[92]_1,dend[92]_0,dend,10.531896591186523,221.30101013183594,12.79789924621582,0.23499999940395355,0.002651206762437644,3.5500000000000003,236.6328633823762
364,363,dend[92]_2,dend[92]_1,dend,6.7686967849731445,246.71701049804688,12.935798645019531,0.17499999701976776,0.0021177781660097253,4.2250000000000005,256.71253525178037
365,364,dend[92]_3,dend[92]_2,dend,5.116236686706543,268.218994140625,14.525299072265625,0.17499999701976776,0.0017710472432923366,4.825,276.7922071211845
366,365,dend[92]_4,dend[92]_3,dend,5.021056652069092,286.1619873046875,14.838098526000977,0.38499999046325684,0.0014325137308565394,5.75,296.8718789905887
367,366,dend[92]_5,dend[92]_4,dend,4.264186859130859,305.364013671875,12.16209888458252,0.20499999821186066,0.0012253359682523174,6.7250000000000005,316.95155085999284
368,367,dend[92]_6,dend[92]_5,dend,4.063666820526123,326.20001220703125,9.042609214782715,0.14499999582767487,0.001088315959475189,7.75,337.031222729397
369,368,dend[92]_7,dend[92]_6,dend,3.1062967777252197,341.5679931640625,3.9751691818237305,0.5899999737739563,0.0010168939801111622,8.450000000000001,357.1108945988011
370,369,dend[92]_8,dend[92]_7,dend,-2.709683418273926,356.4230041503906,1.2002493143081665,0.14499999582767487,0.0009718537017519162,9.0,377.1905664682053
371,370,dend[92]_9,dend[92]_8,dend,-10.551803588867188,369.8330078125,-3.2597408294677734,0.05999999865889549,0.0009342447309138953,9.5,397.27023833760944
372,371,dend[92]_10,dend[92]_9,dend,-19.409204483032227,384.9930114746094,-0.3468257188796997,0.11999999731779099,0.0009118218296926068,9.825000000000001,417.3499102070136
373,361,dend[93]_0,dend[91]_2,dend,14.437195777893066,199.90802001953125,13.015398979187012,0.17499999701976776,0.003460846693233412,2.825,216.37203765701372
374,373,dend[93]_1,dend[93]_0,dend,16.581195831298828,220.63101196289062,9.41719913482666,0.5600000023841858,0.0029244634863826147,3.35,236.08940181450117
375,374,dend[93]_2,dend[93]_1,dend,18.45769691467285,237.9190216064453,6.800058841705322,0.29499998688697815,0.002505893609062567,3.85,255.80676597198863
376,375,dend[93]_3,dend[93]_2,dend,22.39319610595703,258.16900634765625,4.2598490715026855,0.29499998688697815,0.0022153444216769865,4.275,275.52413012947613
377,376,dend[93]_4,dend[93]_3,dend,24.937896728515625,278.67401123046875,0.1290062814950943,0.14499999582767487,0.001916807937348111,4.75,295.24149428696353
378,377,dend[93]_5,dend[93]_4,dend,27.339096069335938,299.13299560546875,-2.203690767288208,0.4699999988079071,0.0016172112559404463,5.375,314.95885844445104
379,378,dend[93]_6,dend[93]_5,dend,29.6011962890625,318.8280029296875,-8.882380485534668,0.5,0.0014516994487521419,5.800000000000001,334.67622260193843
380,379,dend[93]_7,dend[93]_6,dend,31.99659538269043,337.11700439453125,-13.508200645446777,0.32499998807907104,0.001173213869019726,6.800000000000001,354.39358675942594
381,380,dend[93]_8,dend[93]_7,dend,32.682395935058594,359.2340087890625,-20.02519989013672,0.5600000023841858,0.0010592150731376967,7.425000000000001,374.1109509169134
382,381,dend[93]_9,dend[93]_8,dend,33.89239501953125,376.0559997558594,-25.721900939941406,0.20499999821186066,0.0009448619438773219,8.275,393.82831507440085
383,382,dend[93]_10,dend[93]_9,dend,38.018795013427734,392.56298828125,-32.13460159301758,0.5,0.0008700512550558324,9.0,413.5456792318883
384,383,dend[93]_11,dend[93]_10,dend,49.4413948059082,408.34600830078125,-37.50870132446289,0.6449999809265137,0.0008179104666545818,9.625,433.2630433893758
385,384,dend[93]_12,dend[93]_11,dend,56.23289489746094,418.70098876953125,-42.58369827270508,0.20499999821186066,0.0007646295141079386,10.375,452.98040754686326
386,385,dend[93]_13,dend[93]_12,dend,62.347496032714844,432.25299072265625,-48.854400634765625,0.4099999964237213,0.0007256214976531119,11.025,472.6977717043507
387,386,dend[93]_14,dend[93]_13,dend,54.32449722290039,440.6300048828125,-59.58290100097656,0.14499999582767487,0.0007118472622357724,11.3,492.41513586183817
388,338,dend[94]_0,dend[84]_4,dend,15.563695907592773,106.58601379394531,15.573899269104004,0.5899999737739563,0.4954057130040722,0.4,120.41369681353987
389,388,dend[94]_1,dend[94]_0,dend,21.181896209716797,125.55901336669922,19.4375,0.5,0.346336477794031,0.55,139.61986191809805
390,389,dend[94]_2,dend[94]_1,dend,26.387496948242188,147.54202270507812,24.74209976196289,0.5899999737739563,0.23221812585170465,0.775,158.82602702265626
391,390,dend[94]_3,dend[94]_2,dend,31.304595947265625,166.81201171875,29.428600311279297,0.14499999582767487,0.16467114099816685,1.0250000000000001,178.03219212721447
392,391,dend[94]_4,dend[94]_3,dend,33.98969650268555,181.47100830078125,32.38859939575195,0.5299999713897705,0.12663056963677027,1.375,197.23835723177268
393,392,dend[94]_5,dend[94]_4,dend,35.45439529418945,194.4300079345703,35.49140167236328,0.17499999701976776,0.09865027843285973,1.85,216.4445223363309
394,393,dend[94]_6,dend[94]_5,dend,40.208797454833984,211.67001342773438,38.32789993286133,0.675000011920929,0.0859284116931325,2.15,235.6506874408891
395,394,dend[94]_7,dend[94]_6,dend,43.43759536743164,231.56201171875,41.31740188598633,0.675000011920929,0.0727555693738738,2.4250000000000003,254.8568525454473
396,395,dend[94]_8,dend[94]_7,dend,45.248497009277344,247.37901306152344,42.799400329589844,0.029999999329447746,0.030077150161268013,3.625,274.06301765000546
397,396,dend[94]_9,dend[94]_8,dend,47.96379470825195,265.5249938964844,46.197601318359375,0.7049999833106995,0.026433967222729875,3.9250000000000003,293.2691827545637
398,397,dend[94]_10,dend[94]_9,dend,50.920997619628906,283.60198974609375,49.194400787353516,0.32499998807907104,0.01949587829793988,4.7,312.47534785912194
399,398,dend[94]_11,dend[94]_10,dend,54.77189636230469,303.4159851074219,53.17620086669922,0.7649999856948853,0.01728582678775876,5.050000000000001,331.6815129636801
400,399,dend[94]_12,dend[94]_11,dend,58.01459503173828,320.3110046386719,55.39289855957031,0.5899999737739563,0.01301377975985586,5.775,350.8876780682383
401,400,dend[94]_13,dend[94]_12,dend,64.00460052490234,341.4339904785156,58.86429977416992,0.17499999701976776,0.010792015272755919,6.3500000000000005,370.09384317279654
402,401,dend[94]_14,dend[94]_13,dend,67.98100280761719,358.62701416015625,61.006099700927734,0.5,0.009236309521106342,6.8500000000000005,389.3000082773547
403,402,dend[94]_15,dend[94]_14,dend,69.09040069580078,375.0669860839844,64.47360229492188,0.14499999582767487,0.0076785735055585015,7.575,408.50617338191296
404,403,dend[94]_16,dend[94]_15,dend,71.83429718017578,390.989990234375,65.3208999633789,0.32499998807907104,0.006323852205064377,8.55,427.71233848647114
405,404,dend[94]_17,dend[94]_16,dend,73.82969665527344,406.9259948730469,68.01380157470703,0.38499999046325684,0.005771650149257912,9.200000000000001,446.9185035910294
406,405,dend[94]_18,dend[94]_17,dend,77.15599822998047,427.46099853515625,66.87169647216797,0.6449999809265137,0.005377094006835121,9.775,466.12466869558756
407,406,dend[94]_19,dend[94]_18,dend,87.42070007324219,446.92401123046875,61.442901611328125,0.675000011920929,0.004956918416443147,10.55,485.33083380014574
408,407,dend[94]_20,dend[94]_19,dend,94.90409851074219,470.4169921875,60.586299896240234,0.20499999821186066,0.004760288958010518,10.975000000000001,504.536998904704
409,408,dend[94]_21,dend[94]_20,dend,92.3926010131836,486.87298583984375,56.92449951171875,0.32499998807907104,0.004540208094342268,11.525,523.7431640092623
410,409,dend[94]_22,dend[94]_21,dend,93.97000122070312,505.156005859375,54.78010177612305,0.05999999865889549,0.004388856662624447,11.975000000000001,542.9493291138203
411,333,dend[95]_0,dend[83]_0,dend,-10.080404281616211,23.522512435913086,6.70530891418457,1.4149999618530273,0.9220776105980841,0.025,33.69870667620689
412,411,dend[96]_0,dend[95]_0,dend,-18.65540313720703,34.39121627807617,5.429988861083984,0.4099999964237213,0.8082387502626397,0.07500000000000001,48.632230591392236
413,412,dend[97]_0,dend[96]_0,dend,-25.964704513549805,44.850013732910156,4.34713888168335,0.35499998927116394,0.5736166833276332,0.30000000000000004,63.74193221851376
414,413,dend[97]_1,dend[97]_0,dend,-30.522703170776367,62.18641662597656,1.2093793153762817,0.5899999737739563,0.47670039061833375,0.45,81.70693744890059
415,414,dend[97]_2,dend[97]_1,dend,-36.84330368041992,80.7557144165039,-0.5482547283172607,0.5299999713897705,0.33289249543785865,0.625,99.67194267928741
416,415,dend[98]_0,dend[97]_2,dend,-49.520103454589844,92.09671783447266,-6.460361003875732,0.4699999988079071,0.27723309330978263,0.775,119.33717985810657
417,416,dend[98]_1,dend[98]_0,dend,-64.89119720458984,105.64701843261719,-9.533411026000977,0.32499998807907104,0.21953789218689773,0.9500000000000001,140.70264898535808
418,417,dend[98]_2,dend[98]_1,dend,-73.88279724121094,124.9410171508789,-15.139399528503418,0.7049999833106995,0.1655718992444737,1.175,162.0681181126096
419,418,dend[98]_3,dend[98]_2,dend,-87.67230224609375,137.2930145263672,-22.300100326538086,0.29499998688697815,0.12397378049727183,1.475,183.4335872398611
420,419,dend[98]_4,dend[98]_3,dend,-102.9540023803711,147.15200805664062,-31.89590072631836,0.4399999976158142,0.10315454631419267,1.7000000000000002,204.79905636711263
421,420,dend[98]_5,dend[98]_4,dend,-114.93199920654297,158.59201049804688,-35.06039810180664,0.14499999582767487,0.08044166188139473,2.025,226.16452549436414
422,421,dend[98]_6,dend[98]_5,dend,-126.61199951171875,171.0010223388672,-39.28670120239258,0.26499998569488525,0.06626952044452773,2.275,247.52999462161563
423,422,dend[98]_7,dend[98]_6,dend,-138.83700561523438,184.36502075195312,-45.427398681640625,0.20499999821186066,0.04455422888299369,2.9000000000000004,268.89546374886714
424,423,dend[98]_8,dend[98]_7,dend,-150.52499389648438,193.56800842285156,-54.28839874267578,0.23499999940395355,0.03559602478909449,3.825,290.26093287611866
425,424,dend[99]_0,dend[98]_8,dend,-169.46800231933594,197.6920166015625,-58.1348991394043,0.14499999582767487,0.03347337542207639,4.325,310.32994100252336
426,425,dend[99]_1,dend[99]_0,dend,-183.41099548339844,203.0170135498047,-54.35820007324219,0.29499998688697815,0.03251662057492634,4.675,329.1024881280812
427,426,dend[99]_2,dend[99]_1,dend,-192.92799377441406,216.1070098876953,-51.98500061035156,0.11999999731779099,0.032149672848230934,4.825,347.875035253639
428,424,dend[100]_0,dend[98]_8,dend,-168.9980010986328,198.1210174560547,-69.75450134277344,0.23499999940395355,0.03134165389176036,4.8500000000000005,315.47061641037186
429,428,dend[101]_0,dend[100]_0,dend,-184.218994140625,209.791015625,-78.99549865722656,0.17499999701976776,0.030130214396173634,5.275,336.9979028613691
430,429,dend[101]_1,dend[101]_0,dend,-184.78900146484375,207.2420196533203,-94.96900177001953,0.35499998927116394,0.029853497570762756,5.4,350.99857782210853
431,430,dend[101]_2,dend[101]_1,dend,-190.83399963378906,204.47201538085938,-108.5250015258789,0.20499999821186066,0.02972766523898789,5.45,364.9992527828479
432,428,dend[102]_0,dend[100]_0,dend,-186.04100036621094,213.7250213623047,-75.30919647216797,0.20499999821186066,0.030028262410298018,5.300000000000001,340.158722566815
433,432,dend[102]_1,dend[102]_0,dend,-198.177001953125,227.5180206298828,-86.17320251464844,0.4099999964237213,0.02947197444605007,5.550000000000001,360.48103693844627
434,433,dend[102]_2,dend[102]_1,dend,-210.76800537109375,229.385009765625,-96.92900085449219,0.26499998569488525,0.029277416352095808,5.625,380.80335131007763
435,415,dend[103]_0,dend[97]_2,dend,-45.496402740478516,97.9430160522461,2.528639316558838,0.17499999701976776,0.2757036393717447,0.775,118.77558335196059
436,435,dend[103]_1,dend[103]_0,dend,-52.153404235839844,114.17201232910156,7.7381591796875,0.7049999833106995,0.17633439027747913,1.1,139.01785946692013
437,436,dend[103]_2,dend[103]_1,dend,-56.45540237426758,131.90301513671875,12.17859935760498,0.14499999582767487,0.14342772669669385,1.3250000000000002,159.26013558187967
438,437,dend[103]_3,dend[103]_2,dend,-59.95260238647461,150.4490203857422,16.260400772094727,0.20499999821186066,0.11463152659088495,1.625,179.5024116968392
439,438,dend[103]_4,dend[103]_3,dend,-64.9437026977539,167.40200805664062,21.23940086364746,0.14499999582767487,0.09218736835701882,1.925,199.74468781179874
440,439,dend[103]_5,dend[103]_4,dend,-68.893798828125,184.2880096435547,27.20549964904785,0.23499999940395355,0.06968710631539494,2.35,219.9869639267583
441,440,dend[103]_6,dend[103]_5,dend,-73.2334976196289,199.15000915527344,30.667999267578125,0.14499999582767487,0.05314943978175196,2.85,240.22924004171784
442,441,dend[103]_7,dend[103]_6,dend,-76.57520294189453,214.7360076904297,34.34379959106445,0.17499999701976776,0.040965948353787064,3.5,260.4715161566774
443,442,dend[103]_8,dend[103]_7,dend,-83.7500991821289,235.45101928710938,41.42559814453125,0.5299999713897705,0.035297065846225543,3.95,280.7137922716369
444,443,dend[103]_9,dend[103]_8,dend,-87.07369995117188,257.510009765625,45.337501525878906,0.23499999940395355,0.030736934548472882,4.4,300.9560683865965
445,444,dend[103]_10,dend[103]_9,dend,-92.06199645996094,276.760986328125,51.382598876953125,0.11999999731779099,0.02426609741854246,5.4750000000000005,321.19834450155605
446,445,dend[103]_11,dend[103]_10,dend,-98.58820343017578,299.70599365234375,55.3838996887207,0.7350000143051147,0.021828629187834448,6.275,341.44062061651556
447,446,dend[103]_12,dend[103]_11,dend,-103.0739974975586,322.0820007324219,56.429500579833984,0.6200000047683716,0.020370116552866826,6.95,361.6828967314751
448,447,dend[103]_13,dend[103]_12,dend,-108.07599639892578,340.02899169921875,57.75270080566406,0.35499998927116394,0.01952507395481333,7.4750000000000005,381.9251728464347
449,448,dend[103]_14,dend[103]_13,dend,-121.0479965209961,353.5740051269531,59.39979934692383,0.14499999582767487,0.01930595798146396,7.625,402.1674489613942
450,412,dend[104]_0,dend[96]_0,dend,-26.571104049682617,47.46431350708008,5.520938873291016,1.0299999713897705,0.7375772950950521,0.125,64.2486809360851
451,450,dend[104]_1,dend[104]_0,dend,-36.33360290527344,59.73871612548828,13.555298805236816,0.17499999701976776,0.6147495913226174,0.25,83.2271836016146
452,451,dend[104]_2,dend[104]_1,dend,-47.31940460205078,69.80191802978516,23.718000411987305,0.17499999701976776,0.3320585590892038,0.55,102.20568626714413
453,452,dend[104]_3,dend[104]_2,dend,-58.22540283203125,76.1400146484375,32.7599983215332,0.38499999046325684,0.27041688501388733,0.75,121.1841889326736
454,453,dend[104]_4,dend[104]_3,dend,-67.8550033569336,84.56841278076172,40.132598876953125,0.14499999582767487,0.21314435197102605,0.9750000000000001,140.16269159820314
455,454,dend[104]_5,dend[104]_4,dend,-77.63300323486328,95.00231170654297,45.6150016784668,0.05999999865889549,0.12729438738662985,1.4000000000000001,159.14119426373261
456,455,dend[104]_6,dend[104]_5,dend,-86.77200317382812,110.03501892089844,52.942501068115234,0.5,0.07822569762746459,2.0500000000000003,178.11969692926215
457,456,dend[104]_7,dend[104]_6,dend,-97.14179992675781,126.98700714111328,60.9911994934082,0.14499999582767487,0.0667630129403156,2.35,197.09819959479162
458,457,dend[104]_8,dend[104]_7,dend,-105.56800079345703,141.3140106201172,67.318603515625,0.09000000357627869,0.05013049911452818,3.075,216.07670226032116
459,458,dend[104]_9,dend[104]_8,dend,-115.02200317382812,155.3400115966797,78.64230346679688,0.11999999731779099,0.04367750387053354,3.625,235.05520492585063
460,459,dend[104]_10,dend[104]_9,dend,-122.71900177001953,169.0480194091797,83.50650024414062,0.7049999833106995,0.038454287654951104,4.375,254.03370759138016
461,460,dend[104]_11,dend[104]_10,dend,-134.8249969482422,181.93801879882812,93.3584976196289,0.09000000357627869,0.03570271435892824,5.0,273.01221025690967
462,461,dend[104]_12,dend[104]_11,dend,-145.84100341796875,187.49700927734375,109.46299743652344,0.5600000023841858,0.0339695067960185,5.575,291.9907129224392
463,411,dend[105]_0,dend[95]_0,dend,-14.50870418548584,38.18281555175781,10.454798698425293,0.5,0.7901297868797266,0.1,51.352763753959216
464,463,dend[106]_0,dend[105]_0,dend,-15.62580394744873,55.694915771484375,20.562999725341797,0.32499998807907104,0.6722041874141501,0.2,69.79178892611301
465,464,dend[106]_1,dend[106]_0,dend,-21.632904052734375,69.62481689453125,30.083599090576172,0.5,0.5410712141831059,0.35000000000000003,88.97437492143038
466,465,dend[106]_2,dend[106]_1,dend,-26.532304763793945,86.89971160888672,36.628501892089844,0.14499999582767487,0.3454490518429486,0.6000000000000001,108.15696091674778
467,466,dend[106]_3,dend[106]_2,dend,-26.218904495239258,107.05001831054688,42.09469985961914,0.6449999809265137,0.27557637024928944,0.775,127.33954691206517
468,467,dend[106]_4,dend[106]_3,dend,-24.90510368347168,125.68501281738281,45.479400634765625,0.35499998927116394,0.1995614241501845,1.0,146.52213290738254
469,468,dend[106]_5,dend[106]_4,dend,-24.567502975463867,143.4750213623047,46.97249984741211,0.14499999582767487,0.13906718376099808,1.35,165.7047189026999
470,469,dend[106]_6,dend[106]_5,dend,-24.192304611206055,162.7250213623047,52.67210006713867,0.20499999821186066,0.10722088363845762,1.675,184.8873048980173
471,470,dend[106]_7,dend[106]_6,dend,-23.372604370117188,182.2890167236328,53.8385009765625,0.35499998927116394,0.08696320418366847,2.1750000000000003,204.06989089333467
472,471,dend[106]_8,dend[106]_7,dend,-26.094703674316406,198.79202270507812,56.638301849365234,0.09000000357627869,0.0761220092332165,2.8000000000000003,223.25247688865204
473,472,dend[106]_9,dend[106]_8,dend,-28.723703384399414,214.63201904296875,57.904300689697266,0.14499999582767487,0.07169554533043607,3.2750000000000004,242.43506288396947
474,473,dend[106]_10,dend[106]_9,dend,-32.1847038269043,232.697021484375,59.937801361083984,0.17499999701976776,0.06957594129847755,3.575,261.61764887928683
475,463,dend[107]_0,dend[105]_0,dend,-14.687004089355469,57.39341354370117,13.603299140930176,0.20499999821186066,0.6965178399525394,0.15000000000000002,69.40987480167135
476,475,dend[107]_1,dend[107]_0,dend,-15.853103637695312,73.15941619873047,14.570798873901367,0.5,0.5313100468685058,0.375,87.82863254810539
477,476,dend[107]_2,dend[107]_1,dend,-14.164804458618164,92.41871643066406,16.316200256347656,0.4699999988079071,0.4217004072266264,0.525,106.24739029453946
478,477,dend[107]_3,dend[107]_2,dend,-14.509703636169434,106.79400634765625,16.516799926757812,0.17499999701976776,0.2380653644093347,0.7250000000000001,124.6661480409735
479,478,dend[107]_4,dend[107]_3,dend,-15.479904174804688,123.99801635742188,17.270099639892578,0.14499999582767487,0.16400692316530785,0.9500000000000001,143.08490578740754
480,479,dend[108]_0,dend[107]_4,dend,-18.883502960205078,142.69801330566406,21.840999603271484,0.38499999046325684,0.13043509463604025,1.1500000000000001,163.36638038757462
481,480,dend[108]_1,dend[108]_0,dend,-26.95850372314453,166.7150115966797,22.225900650024414,0.5299999713897705,0.08465407018501782,1.6,185.51057184147473
482,481,dend[108]_2,dend[108]_1,dend,-30.306703567504883,186.010009765625,27.43429946899414,0.5299999713897705,0.06649632886730274,1.925,207.65476329537483
483,482,dend[108]_3,dend[108]_2,dend,-34.22230529785156,204.63002014160156,33.34040069580078,0.5600000023841858,0.04801117754989475,2.5500000000000003,229.7989547492749
484,483,dend[108]_4,dend[108]_3,dend,-36.08250427246094,227.9610137939453,37.58219909667969,0.14499999582767487,0.039249561606273554,3.1750000000000003,251.94314620317505
485,484,dend[108]_5,dend[108]_4,dend,-38.50590515136719,249.8670196533203,42.44449996948242,0.38499999046325684,0.03385812925048535,4.0,274.0873376570752
486,485,dend[108]_6,dend[108]_5,dend,-39.19080352783203,270.54400634765625,46.00189971923828,0.17499999701976776,0.03120648506462595,4.675,296.23152911097526
487,486,dend[108]_7,dend[108]_6,dend,-42.55720520019531,292.9909973144531,47.685298919677734,0.4699999988079071,0.029808941985284373,5.175000000000001,318.37572056487534
488,487,dend[108]_8,dend[108]_7,dend,-44.477203369140625,312.8940124511719,49.19540023803711,0.4699999988079071,0.029194308185765256,5.425000000000001,340.51991201877547
489,479,dend[109]_0,dend[107]_4,dend,-15.042503356933594,143.24301147460938,15.946398735046387,0.29499998688697815,0.11881097562799213,1.25,162.0598457932113
490,489,dend[109]_1,dend[109]_0,dend,-15.850303649902344,158.4420166015625,14.94179916381836,0.7350000143051147,0.08748151215167024,1.6500000000000001,181.59096805838476
491,490,dend[109]_2,dend[109]_1,dend,-15.401603698730469,173.7440185546875,13.313899040222168,0.14499999582767487,0.0679573967998964,2.075,201.12209032355827
492,491,dend[109]_3,dend[109]_2,dend,-17.707902908325195,192.42701721191406,9.713918685913086,0.23499999940395355,0.056297412798119735,2.35,220.65321258873172
493,492,dend[109]_4,dend[109]_3,dend,-17.429203033447266,212.37901306152344,6.949409008026123,0.23499999940395355,0.03749024149451078,2.975,240.18433485390523
494,493,dend[109]_5,dend[109]_4,dend,-19.82500457763672,234.50201416015625,5.980759143829346,0.7350000143051147,0.026563015347790982,3.725,259.7154571190787
495,494,dend[109]_6,dend[109]_5,dend,-22.176204681396484,253.7460174560547,4.225688934326172,0.14499999582767487,0.022080701240008948,4.2,279.2465793842522
496,495,dend[109]_7,dend[109]_6,dend,-25.345903396606445,273.4419860839844,3.0763792991638184,0.20499999821186066,0.018243307670972594,4.7250000000000005,298.77770164942564
497,496,dend[109]_8,dend[109]_7,dend,-27.56900405883789,295.8810119628906,1.5409293174743652,0.20499999821186066,0.015127021925586593,5.300000000000001,318.3088239145991
498,497,dend[109]_9,dend[109]_8,dend,-31.45340347290039,315.875,-0.7712907195091248,0.38499999046325684,0.013179766939508756,5.75,337.8399461797726
499,498,dend[109]_10,dend[109]_9,dend,-34.52960205078125,334.27301025390625,-1.9269607067108154,0.11999999731779099,0.010376161124552731,6.800000000000001,357.3710684449461
500,499,dend[110]_0,dend[109]_10,dend,-42.03880310058594,345.2019958496094,-1.2595306634902954,0.14499999582767487,0.00909956138701362,7.775,373.906487156
501,500,dend[110]_1,dend[110]_0,dend,-52.229305267333984,357.56500244140625,3.52048921585083,0.4399999976158142,0.008785377093289802,8.200000000000001,387.4462023129345
502,501,dend[110]_2,dend[110]_1,dend,-59.00970458984375,365.54901123046875,4.792428970336914,0.4099999964237213,0.008433591522612992,8.725,400.985917469869
503,499,dend[111]_0,dend[109]_10,dend,-36.58250427246094,353.8070068359375,-5.088420867919922,0.11999999731779099,0.008510514415384779,8.25,377.4451126576831
504,503,dend[111]_1,dend[111]_0,dend,-32.982303619384766,375.3389892578125,-6.558371067047119,0.35499998927116394,0.008004488414323515,8.875,398.0620788179837
505,504,dend[111]_2,dend[111]_1,dend,-33.168304443359375,394.5589904785156,-9.573720932006836,0.14499999582767487,0.007565116411773316,9.525,418.67904497828437
506,505,dend[111]_3,dend[111]_2,dend,-43.779502868652344,409.3489990234375,-15.250101089477539,0.32499998807907104,0.007337780774274348,9.925,439.29601113858496
507,506,dend[111]_4,dend[111]_3,dend,-49.643402099609375,427.80499267578125,-23.089599609375,0.09000000357627869,0.007212901833141269,10.15,459.9129772988856
508,1,dend[112]_0,soma[0]_0,dend,1.7547765970230103,-13.557486534118652,9.771219253540039,0.11999999731779099,0.9338782289438537,0.025,33.09621594406917
509,1,dend[113]_0,soma[0]_0,dend,-0.8523584604263306,10.857413291931152,10.294499397277832,0.6449999809265137,0.9104286232292199,0.025,20.031128853738803
510,509,dend[113]_1,dend[113]_0,dend,2.5146865844726562,15.545713424682617,20.218900680541992,0.9100000262260437,0.7974357695083503,0.07500000000000001,33.472763403379254
511,510,dend[113]_2,dend[113]_1,dend,4.856566429138184,18.972614288330078,27.55139923095703,1.0299999713897705,0.738903000242744,0.125,46.91439795301971
512,511,dend[114]_0,dend[113]_2,dend,2.7109267711639404,26.66901397705078,41.622100830078125,0.5299999713897705,0.6145300463964379,0.325,62.59789277660255
513,512,dend[115]_0,dend[114]_0,dend,-7.8939433097839355,32.51631546020508,48.272300720214844,0.17499999701976776,0.561539751341983,0.42500000000000004,78.4742706445598
514,513,dend[115]_1,dend[115]_0,dend,-14.281503677368164,29.818212509155273,55.20199966430664,0.09000000357627869,0.4647027216191722,0.9500000000000001,92.30167128294909
515,514,dend[115]_2,dend[115]_1,dend,-19.281904220581055,25.09041404724121,71.53569793701172,0.4399999976158142,0.4693868072329417,1.0,106.12907192133838
516,515,dend[116]_0,dend[115]_2,dend,-20.390403747558594,23.53701400756836,76.51080322265625,0.05999999865889549,0.46823036404169927,1.05,115.61577274341835
517,515,dend[117]_0,dend[115]_2,dend,-20.740203857421875,18.78931427001953,76.08570098876953,0.09000000357627869,0.46911982057368457,1.0,114.91606552505394
518,512,dend[118]_0,dend[114]_0,dend,-2.4040632247924805,33.696414947509766,45.51449966430664,1.0,0.583750681334356,0.375,72.293908920625
519,518,dend[119]_0,dend[118]_0,dend,-8.971653938293457,41.355716705322266,49.323699951171875,0.14499999582767487,0.5788854190743946,0.525,85.30970859658584
520,519,dend[119]_1,dend[119]_0,dend,-21.43770408630371,58.56471633911133,62.26900100708008,0.029999999329447746,0.19086885324293665,1.0250000000000001,109.87463075798783
521,520,dend[119]_2,dend[119]_1,dend,-28.528003692626953,78.07601165771484,74.17680358886719,0.14499999582767487,0.11085688549388198,2.45,134.43955291938983
522,518,dend[120]_0,dend[118]_0,dend,-1.9741334915161133,45.35141372680664,44.4827995300293,0.23499999940395355,0.5436681729816573,0.45,83.09565538508534
523,522,dend[120]_1,dend[120]_0,dend,-0.47595342993736267,67.40361785888672,41.216400146484375,0.675000011920929,0.39866680097547413,0.675,103.2324711234863
524,523,dend[120]_2,dend[120]_1,dend,5.690736770629883,95.14361572265625,39.625301361083984,0.20499999821186066,0.3166896278736782,0.875,123.3692868618873
525,524,dend[120]_3,dend[120]_2,dend,7.545356750488281,118.01701354980469,38.60049819946289,0.26499998569488525,0.2633829288616143,1.075,143.50610260028827
526,525,dend[120]_4,dend[120]_3,dend,8.792706489562988,133.33901977539062,38.63880157470703,0.11999999731779099,0.2295759694408243,1.225,163.6429183386893
527,526,dend[120]_5,dend[120]_4,dend,10.578996658325195,151.218017578125,39.79560089111328,0.17499999701976776,0.10854202243069579,1.8,183.77973407709027
528,527,dend[120]_6,dend[120]_5,dend,12.591896057128906,171.55401611328125,38.99420166015625,0.5299999713897705,0.07184930461957678,2.4250000000000003,203.91654981549124
529,528,dend[120]_7,dend[120]_6,dend,16.08699607849121,189.62901306152344,39.34170150756836,0.5899999737739563,0.05923095635920197,2.8000000000000003,224.0533655538922
530,529,dend[120]_8,dend[120]_7,dend,18.282896041870117,208.17501831054688,40.43429946899414,0.11999999731779099,0.04371088494929871,3.35,244.1901812922932
531,530,dend[120]_9,dend[120]_8,dend,19.940296173095703,225.3410186767578,41.24259948730469,0.11999999731779099,0.03464166387236975,3.8000000000000003,264.3269970306942
532,531,dend[120]_10,dend[120]_9,dend,21.11219596862793,243.5390167236328,41.82379913330078,0.09000000357627869,0.02602470503058708,4.4,284.46381276909517
533,532,dend[121]_0,dend[120]_10,dend,25.266895294189453,260.1059875488281,43.1338005065918,0.17499999701976776,0.01872922673936464,5.275,304.75071410536725
534,533,dend[121]_1,dend[121]_0,dend,23.998796463012695,274.7560119628906,43.49369812011719,0.14499999582767487,0.01474744907729116,6.025,325.18770103951033
535,534,dend[121]_2,dend[121]_1,dend,26.465396881103516,294.6820068359375,43.634498596191406,0.20499999821186066,0.012989400915714397,6.5,345.6246879736534
536,535,dend[121]_3,dend[121]_2,dend,28.50289535522461,313.4750061035156,43.79059982299805,0.6449999809265137,0.01125164813409376,7.1000000000000005,366.0616749077965
537,536,dend[121]_4,dend[121]_3,dend,30.30049705505371,335.2919921875,44.936100006103516,0.6449999809265137,0.009967405325087763,7.7,386.49866184193957
538,537,dend[121]_5,dend[121]_4,dend,31.080196380615234,356.343994140625,45.68259811401367,0.5,0.008590833517207932,8.65,406.9356487760827
539,538,dend[121]_6,dend[121]_5,dend,32.50919723510742,376.87799072265625,46.200199127197266,0.11999999731779099,0.007793385208081854,9.5,427.3726357102258
540,539,dend[121]_7,dend[121]_6,dend,34.332096099853516,395.8219909667969,45.70920181274414,0.14499999582767487,0.007299471967887455,10.175,447.8096226443689
541,540,dend[121]_8,dend[121]_7,dend,41.446895599365234,419.5849914550781,37.045501708984375,0.14499999582767487,0.00702263277262493,10.65,468.246609578512
542,541,dend[122]_0,dend[121]_8,dend,39.451194763183594,429.4800109863281,26.633499145507812,0.14499999582767487,0.006888944602401164,10.925,483.85750188222494
543,541,dend[123]_0,dend[121]_8,dend,37.072998046875,432.31500244140625,32.6338005065918,0.5299999713897705,0.006900622503487289,10.9,484.88394411049615
544,543,dend[124]_0,dend[123]_0,dend,34.819095611572266,441.4419860839844,33.29029846191406,0.5,0.0068727607565788,10.950000000000001,494.5639284191873
545,543,dend[125]_0,dend[123]_0,dend,31.465896606445312,436.0740051269531,36.22840118408203,0.23499999940395355,0.006877052675554378,10.950000000000001,495.0231571962993
546,532,dend[126]_0,dend[120]_10,dend,23.96509552001953,250.8380126953125,39.13159942626953,0.4699999988079071,0.020028426134960423,5.050000000000001,297.40730160450295
547,511,dend[127]_0,dend[113]_2,dend,13.353996276855469,29.295312881469727,44.5901985168457,0.6449999809265137,0.6157869820620346,0.30000000000000004,65.19391072247384
548,547,dend[128]_0,dend[127]_0,dend,23.65079689025879,47.94231414794922,51.586700439453125,0.14499999582767487,0.4734506548247136,0.625,87.92099269367307
549,548,dend[128]_1,dend[128]_0,dend,29.254396438598633,69.72901153564453,57.099300384521484,0.5,0.36198018457403996,0.8250000000000001,110.25776564680365
550,549,dend[128]_2,dend[128]_1,dend,33.000797271728516,89.8253173828125,59.56919860839844,0.11999999731779099,0.2172755720766519,1.1500000000000001,132.59453859993422
551,550,dend[128]_3,dend[128]_2,dend,36.54279708862305,110.00501251220703,63.88180160522461,0.20499999821186066,0.17548655066783128,1.6,154.9313115530648
552,551,dend[128]_4,dend[128]_3,dend,40.25599670410156,129.7720184326172,70.24549865722656,0.14499999582767487,0.1649939855139668,1.925,177.2680845061954
553,547,dend[129]_0,dend[127]_0,dend,22.877195358276367,37.59501647949219,48.06489944458008,0.17499999701976776,0.4946065058907027,0.45,83.54721123330219
554,553,dend[129]_1,dend[129]_0,dend,35.70469665527344,38.187015533447266,49.69820022583008,0.20499999821186066,0.3417170253109149,0.675,97.13642126569101
555,554,dend[129]_2,dend[129]_1,dend,47.564598083496094,31.96111297607422,52.09510040283203,0.14499999582767487,0.26607421919757945,0.8250000000000001,110.72563129807983
556,555,dend[130]_0,dend[129]_2,dend,61.58109664916992,33.73051452636719,57.30289840698242,0.38499999046325684,0.20589769578719266,1.0250000000000001,126.71790210486091
557,556,dend[130]_1,dend[130]_0,dend,78.69869995117188,36.07711410522461,57.079200744628906,0.09000000357627869,0.1498193681427221,1.4000000000000001,145.1132336860342
558,557,dend[130]_2,dend[130]_1,dend,83.4541015625,12.549113273620605,59.30070114135742,0.09000000357627869,0.12448419784645005,1.7000000000000002,163.5085652672075
559,558,dend[130]_3,dend[130]_2,dend,94.56069946289062,1.0419033765792847,61.66809844970703,0.09000000357627869,0.09598790484663626,2.15,181.9038968483808
560,559,dend[130]_4,dend[130]_3,dend,108.08599853515625,-8.67414665222168,65.20189666748047,0.35499998927116394,0.057254874079331435,3.1,200.2992284295541
561,560,dend[130]_5,dend[130]_4,dend,112.30599975585938,-24.550186157226562,69.94650268554688,0.029999999329447746,0.044760679972244255,3.7750000000000004,218.6945600107274
562,561,dend[130]_6,dend[130]_5,dend,123.10199737548828,-34.64018630981445,81.29290008544922,0.05999999865889549,0.029317373518248042,5.4,237.0898915919007
563,562,dend[130]_7,dend[130]_6,dend,133.36000061035156,-45.52488327026367,94.02189636230469,0.38499999046325684,0.024509394786595334,6.9750000000000005,255.48522317307402
564,563,dend[130]_8,dend[130]_7,dend,137.968994140625,-49.054683685302734,101.4280014038086,0.32499998807907104,0.023684712124874822,7.4,273.8805547542473
565,555,dend[131]_0,dend[129]_2,dend,60.07749557495117,37.79521560668945,50.141998291015625,0.09000000357627869,0.18434217160967956,1.1,125.61103463553565
566,565,dend[131]_1,dend[131]_0,dend,69.9209976196289,48.30671691894531,49.30110168457031,0.5899999737739563,0.13838425244582153,1.425,141.79263127805842
567,566,dend[131]_2,dend[131]_1,dend,80.30889892578125,61.258216857910156,47.60770034790039,0.7049999833106995,0.11302670885016919,1.9000000000000001,157.97422792058123
568,567,dend[132]_0,dend[131]_2,dend,89.2979965209961,68.98321533203125,36.31679916381836,0.029999999329447746,0.10239692059708497,2.5250000000000004,174.466640182221
569,567,dend[133]_0,dend[131]_2,dend,90.77300262451172,76.31291198730469,33.637298583984375,0.17499999701976776,0.09800804964531111,2.825,180.2831913019843
